名前,カテゴリ,ファイル&メディア,メモ,公式リンク,場所,最終更新日時,計算用データ：終了,計算用データ：開始,計算用データ：開始曜日,開催期間
物販：かまた祭,物販,,"・売り切れ次第終了→完売済み
・限定オリジナルTシャツ",https://x.com/live_natalie_mu/status/1987339373889925583?s=20,オンライン,2025年11月23日 1:41,-3120,-3456,,2025年11月9日 → 2025年11月22日
舞台挨拶：劇場版後編 舞台挨拶,舞台挨拶,,"・出演：理名、夕莉、朱李
・抽選で3名様に出演者から宛名入り直筆サイン",https://x.com/girlsbandcry/status/1984214013803479511?s=20,新宿バルト9,2025年11月13日 1:01,-3312,-3336,金,2025年11月14日
ライブ：COUNTDOWN JAPN25/26,ライブ,,・27日の大トリ,https://x.com/girlsbandcry/status/1988449172035695095?s=20,幕張メッセ,2025年11月13日 2:22,-2280,-2304,土,2025年12月27日 → 2025年12月27日
スタンプラリー：新スタンプ/缶バッジ,スタンプラリー,,"●12/5に恒常的に販売しているものとしてリストから除外対応済み。
・FRO CAFEにて発売中。",https://x.com/mirai_things/status/1987822547707027801?s=20,川崎,2025年12月6日 3:22,-2808,-3336,金,2025年11月14日 → 2025年12月5日
コラボ：HUB,コラボ,,"・コラボメニュー１点ごとにランダムで１枚プレゼント
・HUBコラボ実施店舗に加えて、秋葉原や池袋のあみあみでも店頭でグッズ販売
・あみあみオンラインで販売も実施",https://product.amiami.jp/amiami/project/girls-band-cry_hub/,"なんば, オンライン, 名古屋, 川崎, 新宿, 新橋銀座, 池袋, 秋葉原",2025年11月13日 0:52,-2928,-3336,金,2025年11月14日 → 2025年11月30日
ポップアップストア：filming ver. Part1,ポップアップストア,,"・オンラインは11/15～12/14まで
・3300円ごとに特製フォト風カード(6種)を1枚プレゼント",https://girlsbandcry-filming-popupshop.com/,"オンライン, 名古屋, 福岡",2025年11月13日 0:39,-3024,-3312,土,2025年11月15日 → 2025年11月26日
映画：劇場版総集編後半(第一週特典),映画,,・第一週特典：ミニ色紙(3種：仁菜・ルパ、桃香・智、ヒナ・ナナ),https://girls-band-cry.com/cinema/novelty/,全国,2025年11月18日 0:57,-3168,-3336,金,2025年11月14日 → 2025年11月20日
ノベルティ：スタンプラリーギャラリー,ノベルティ,,"●終了日未定
・2000円ごとにノベルティをプレゼント",https://x.com/mirai_things/status/1988547327083307396?s=20,川崎,2025年12月9日 1:39,-2736,-3336,金,2025年11月14日 → 2025年12月8日
ポップアップストア：ギャルver.,ポップアップストア,,"・通販は11/30まで
・2000円ごとにA3ポスターの抽選
・秋葉原駅にて広告動画掲出",https://x.com/curtaindamashii/status/1988459283332338079?s=20,"オンライン, ボークス秋葉原ホビー天国2",2025年11月13日 5:52,-3264,-3648,土,2025年11月1日 → 2025年11月16日
ラジオ：第一回トゲラジ,ラジオ,,・毎週火曜日 23:30～0:00,https://togeradi-interfm.bitfan.id/,オンライン,2025年11月13日 2:22,-4200,-4225,火,2025年10月7日 23:30 (GMT+9) → 23:59
ラジオ：第二回トゲラジ,ラジオ,,・毎週火曜日 23:30～0:00,https://togeradi-interfm.bitfan.id/,オンライン,2025年11月13日 2:22,-4032,-4057,火,2025年10月14日 23:30 (GMT+9) → 23:59
ラジオ：第三回トゲラジ,ラジオ,,・毎週火曜日 23:30～0:00,https://togeradi-interfm.bitfan.id/,オンライン,2025年11月13日 2:22,-3864,-3889,火,2025年10月21日 23:30 (GMT+9) → 23:59
ラジオ：第四回トゲラジ,ラジオ,,・毎週火曜日 23:30～0:00,https://togeradi-interfm.bitfan.id/,オンライン,2025年11月13日 2:22,-3696,-3721,火,2025年10月28日 23:30 (GMT+9) → 23:59
ラジオ：第五回トゲラジ,ラジオ,,・毎週火曜日 23:30～0:00,https://togeradi-interfm.bitfan.id/,オンライン,2025年11月13日 2:22,-3528,-3553,火,2025年11月4日 23:30 (GMT+9) → 23:59
ラジオ：第六回トゲラジ,ラジオ,,・毎週火曜日 23:30～0:00,https://togeradi-interfm.bitfan.id/,オンライン,2025年11月13日 2:22,-3360,-3385,火,2025年11月11日 23:30 (GMT+9) → 23:59
ラジオ：第七回トゲラジ,ラジオ,,・毎週火曜日 23:30～0:00,https://togeradi-interfm.bitfan.id/,オンライン,2025年11月13日 2:22,-3192,-3217,火,2025年11月18日 23:30 (GMT+9) → 23:59
ラジオ：第八回トゲラジ,ラジオ,,・毎週火曜日 23:30～0:00,https://togeradi-interfm.bitfan.id/,オンライン,2025年11月13日 2:22,-3024,-3049,火,2025年11月25日 23:30 (GMT+9) → 23:59
ポップアップストア：filming ver. Part2,ポップアップストア,,"・オンラインは11/15～12/14まで
・3300円ごとに特製フォト風カード(6種)を1枚プレゼント",https://girlsbandcry-filming-popupshop.com/,"あべの, オンライン, 渋谷",2025年11月13日 0:42,-2592,-2928,月,2025年12月1日 → 2025年12月14日
舞台挨拶：劇場版後編 舞台挨拶,舞台挨拶,,"・出演：夕莉、朱李
・抽選で3名様に出演者から宛名入り直筆サイン",https://x.com/girlsbandcry/status/1984214013803479511?s=20,"109シネマズ川崎, TOHOシネマズ川崎, チネチッタ",2025年11月13日 1:01,-3288,-3312,土,2025年11月15日
舞台挨拶：劇場版後編 舞台挨拶,舞台挨拶,,"・出演：理名、朱李
・抽選で3名様に出演者から宛名入り直筆サイン",https://x.com/girlsbandcry/status/1984214013803479511?s=20,"MOVIXさいたま, グランドシネマサンシャイン池袋, 新宿バルト9",2025年11月13日 1:01,-3264,-3288,,2025年11月16日
舞台挨拶：劇場版後編 舞台挨拶,舞台挨拶,,"・出演：理名、夕莉、朱李
・抽選で3名様に出演者から宛名入り直筆サイン",https://x.com/girlsbandcry/status/1984214013803479511?s=20,"109シネマズ川崎, TOHOシネマズ川崎, チネチッタ",2025年11月13日 1:01,-3120,-3144,土,2025年11月22日
舞台挨拶：劇場版後編 舞台挨拶,舞台挨拶,,"・出演：夕莉、朱李
・抽選で3名様に出演者から宛名入り直筆サイン",https://x.com/girlsbandcry/status/1984214013803479511?s=20,"T・ジョイ SEIBU大泉, T・ジョイ エミテラス所沢, 立川シネマシティ",2025年11月13日 1:01,-3096,-3120,,2025年11月23日
舞台挨拶：劇場版後編 舞台挨拶,舞台挨拶,,"・出演：理名、夕莉、朱李
・抽選で3名様に出演者から宛名入り直筆サイン",https://x.com/girlsbandcry/status/1984214013803479511?s=20,"109シネマズ川崎, TOHOシネマズ川崎, チネチッタ",2025年11月13日 1:01,-2952,-2976,土,2025年11月29日
舞台挨拶：劇場版後編 舞台挨拶,舞台挨拶,,"・出演：理名、夕莉
・抽選で3名様に出演者から宛名入り直筆サイン",https://x.com/girlsbandcry/status/1984214013803479511?s=20,"T・ジョイ 梅田, アースシネマズ姫路, 広島バルト11",2025年11月13日 1:01,-2928,-2952,,2025年11月30日
配信：テレビ放送,配信,,・BS11のアニゲー☆イレブン！にて出演,https://x.com/BS11_Anime/status/1987717525606650152?s=20,テレビ,2025年11月13日 1:06,-3292,-3316,金,2025年11月14日 20:30 (GMT+9)
物販：劇場版総集編後編,物販,,"●終了日未定
・各上映劇場、東映オンラインストアにて販売",https://x.com/girlsbandcry/status/1986750728422003076?s=20,"オンライン, 全国",2025年12月25日 6:15,-2352,-3336,金,2025年11月14日 → 2025年12月24日
配信：リミスタ,配信,,・EP『全部をさらして生きてやる』発売記念オンライントーク＆サイン会,https://limista.com/projects/6783,YouTube,2025年12月10日 20:30,-2621,-2645,金,2025年12月12日 19:00 (GMT+9)
ポップアップストア：PremiumShop(サイバーパンクver.),ポップアップストア,,・PremiumStore(通販)あり,https://premiumshop.tokyo/girls_band_cry/,"ゲーマーズ仙台, ゲーマーズ博多, ゲーマーズ名古屋, ラフォーレ原宿",2025年11月13日 1:23,-2520,-3000,金,2025年11月28日 → 2025年12月17日
"ポップアップストア：PremiumShop(サイバーパンクver.) ",ポップアップストア,,・PremiumStore(通販)あり,https://premiumshop.tokyo/girls_band_cry/,SHIBUYA109阿倍野,2025年11月13日 1:23,-2328,-2808,土,2025年12月6日 → 2025年12月25日
ライブ：RAISE MY CATHARSIS,ライブ,,"・RAISE A SUILENとトゲナシトゲアリの対バン
・予習プレイリストもでてたよ",https://girls-band-cry.com/news/post-352.html,京王アリーナ TOKYO,2025年11月13日 2:23,-2760,-2784,,2025年12月7日
プライズ：ふわぷちVol.1 (ぬいぐるみ),プライズ,,"●終了日未定
・クレーンゲーム
・「爆ぜて咲く」のビジュアルをモチーフ
・仁菜、桃香、すばるが対象",https://segaplaza.jp/prize/B122157/,"オンライン, 兵庫, 北海道, 千葉, 埼玉, 大阪, 奈良, 宮城, 山口, 山形, 岐阜, 岡山, 岩手, 愛媛, 愛知, 東京, 熊本, 石川, 神奈川, 福井, 福岡, 福島, 秋田, 群馬, 茨城, 青森, 香川",2025年12月6日 2:53,-2664,-3504,金,2025年11月7日 → 2025年12月11日
"プライズ：ふわぷちVol.2 (ぬいぐるみ) ",プライズ,image.png,"●終了日未定
・クレーンゲーム
・「爆ぜて咲く」のビジュアルをモチーフ
・仁菜、ルパ、智が対象",https://segaplaza.jp/prize/B122152/,"オンライン, 北海道, 千葉, 埼玉, 大阪, 奈良, 宮城, 山口, 山形, 山梨, 岐阜, 岩手, 愛媛, 愛知, 東京, 神奈川, 福岡, 福島, 秋田, 群馬, 茨城, 長野, 青森",2026年1月9日 23:50,-1968,-2664,金,2025年12月12日 → 2026年1月9日
コラボ：ZOZO,コラボ,,・パーカー、アクスタ、クッションなど,https://x.com/girlsbandcry/status/1986629693802496165?s=20,オンライン,2025年11月30日 23:14,-2892,-3495,金,2025年11月7日 9:00 (GMT+9) → 2025年12月1日 11:59 (GMT+9)
物販：RAISE MY CATHARSIS,物販,,・先行販売は売り切れ次第終了,https://x.com/girlsbandcry/status/1986629683644170519?s=20,オンライン,2025年11月13日 2:41,-2760,-3504,金,2025年11月7日 → 2025年12月7日
コラボ：JR推し旅vol.2,コラボ,,"・全7カ所のスポットのスタンプラリー
・ボイスドラマ
・グッズプレゼント
・その他販売グッズなど",https://recommend.jr-central.co.jp/oshi-tabi/girlsbandcry2nd/?utm_source=oshitabi_twitter&utm_medium=social&utm_campaign=girlsbandcry2nd_cjr&utm_content=251106_girlsbandcry2nd_cjr,京都,2025年11月13日 2:48,-2760,-4440,月,2025年9月29日 → 2025年12月7日
ポップアップストア：Y2Kファッションver.,ポップアップストア,,"【商品内容】
トレーディンググリッター缶バッジ
トレーディングホログラム缶バッジ
トレーディングアクリルカード
トレーディングイラストカード
トレーディングブロマイド
100mm缶バッジ
BIGアクリルスタンド
特大アクリルスタンド
ダイカットステッカー
マルチデスクマット
A5アクリルパネル

※期間中、イベント関連商品を2,000円（税込）ご購入ごとに、「イベント購入特典ポストカード（全20種）」をランダムで1枚プレゼント！

【営業時間】
11:00～19:00
＊店舗の営業時間とは異なりますのでご注意ください",https://x.com/AMNIBUS/status/2009097853759836246?s=20,新宿マルイ,2026年1月18日 0:59,-1416,-1656,金,2026年1月23日 → 2026年2月1日
リリース：生きて生きてゆく,リリース,,・コレクションEP『小指立てませんか』,https://x.com/girlsbandcry/status/1983911773074866253?s=20,オンライン,2025年11月13日 5:55,-3192,-3216,水,2025年11月19日
記念日：理名さん誕生日2025,記念日,,"・18歳お誕生日！
おめでとうございます！！
・2007/11/13生まれ",https://x.com/rina_togetoge,全国,2026年1月5日 21:45,-3336,-3360,木,2025年11月13日
記念日：井芹仁菜誕生日2025,記念日,,・誕生日おめでとうございます！！,https://girls-band-cry.com/character/nina/,全国,2025年11月13日 16:16,-3816,-3840,金,2025年10月24日
物販：公式メイキングブック,物販,,"●12/5に恒常的に販売しているものとしてリストから除外対応済み。
・amazon等から購入してください！！",https://girls-band-cry.com/news/post-384.html,オンライン,2025年12月6日 3:20,-2808,-3336,金,2025年11月14日 → 2025年12月5日
コラボ：川崎ブレイブサンダース,コラボ,,"●終了日未定
・受注生産商品は、11/6まで
・タオル、缶バッジ、アクスタ、シャツなど",https://x.com/brave_thunders/status/1982734514645504275?s=20,"オンライン, 川崎ブレイブサンダース グッズショップ",2025年12月23日 3:16,-2400,-3672,金,2025年10月31日 → 2025年12月22日
リリース：全部をさらして生きてやる,リリース,,"・コレクションEP『全部をさらして生きてやる』
・収録一部曲
01. もう何もいらない未来
02. 命をくれよ
03. arrow
04. タイトル未定",https://x.com/girlsbandcry/status/1983911773074866253?s=20,オンライン,2025年11月13日 15:27,-2520,-2544,水,2025年12月17日
ライブ：Zepp Tour 2026 “拍動の未来”,ライブ,,"・物販内容公開されました
https://girls-band-cry.com/live/post-18.html
【物販】
整理券あり：11:00～16:30(最終入場16:20)
整理券なし：開場～終演後30分程度
11:00　1～
11:30　111～
12:00　251～
12:30　431～
13:00　611～
13:30　791～
14:00　981～
14:30　1171～
15:00　1371～
15:30　1571～
16:00　1771～
※集合時間はあくまで目安です。最新情報をご確認ください。",https://girls-band-cry.com/live/post-18.html,KT Zepp Yokohama,2026年2月11日 1:34,-1176,-1200,水,2026年2月11日
ライブ：Zepp Tour 2026 “拍動の未来”,ライブ,,"・物販内容公開されました
https://girls-band-cry.com/live/post-18.html

【物販事前整理券申込期間】
・横浜／福岡会場　　2026年1月30日(金)19:00~
・名古屋／札幌会場　2026年2月9日(月)19:00~
・大阪／東京会場　　2026年2月20日(金)19:00~",https://girls-band-cry.com/live/post-18.html,Zepp Fukuoka,2026年1月24日 1:21,-1104,-1128,土,2026年2月14日
ライブ：Zepp Tour 2026 “拍動の未来”,ライブ,,"・物販内容公開されました
https://girls-band-cry.com/live/post-18.html

【物販事前整理券申込期間】
・横浜／福岡会場　　2026年1月30日(金)19:00~
・名古屋／札幌会場　2026年2月9日(月)19:00~
・大阪／東京会場　　2026年2月20日(金)19:00~",https://girls-band-cry.com/live/post-18.html,Zepp Nagoya,2026年1月24日 1:21,-888,-912,月,2026年2月23日
ライブ：Zepp Tour 2026 “拍動の未来”,ライブ,,"・物販内容公開されました
https://girls-band-cry.com/live/post-18.html

【物販事前整理券申込期間】
・横浜／福岡会場　　2026年1月30日(金)19:00~
・名古屋／札幌会場　2026年2月9日(月)19:00~
・大阪／東京会場　　2026年2月20日(金)19:00~",https://girls-band-cry.com/live/post-18.html,Zepp Sapporo,2026年1月24日 1:21,-768,-792,土,2026年2月28日
ライブ：Zepp Tour 2026 “拍動の未来”,ライブ,,"・物販内容公開されました
https://girls-band-cry.com/live/post-18.html

【物販事前整理券申込期間】
・横浜／福岡会場　　2026年1月30日(金)19:00~
・名古屋／札幌会場　2026年2月9日(月)19:00~
・大阪／東京会場　　2026年2月20日(金)19:00~",https://girls-band-cry.com/live/post-18.html,Zepp Osaka Bayside,2026年1月24日 1:21,-576,-600,,2026年3月8日
ライブ：Zepp Tour 2026 “拍動の未来”,ライブ,,"・物販内容公開されました
https://girls-band-cry.com/live/post-18.html

【物販事前整理券申込期間】
・横浜／福岡会場　　2026年1月30日(金)19:00~
・名古屋／札幌会場　2026年2月9日(月)19:00~
・大阪／東京会場　　2026年2月20日(金)19:00~",https://girls-band-cry.com/live/post-18.html,Zepp DiverCity,2026年1月24日 1:21,-456,-480,金,2026年3月13日
ライブ：Zepp Tour 2026 “拍動の未来”,ライブ,,"・物販内容公開されました
https://girls-band-cry.com/live/post-18.html

【物販事前整理券申込期間】
・横浜／福岡会場　　2026年1月30日(金)19:00~
・名古屋／札幌会場　2026年2月9日(月)19:00~
・大阪／東京会場　　2026年2月20日(金)19:00~",https://girls-band-cry.com/live/post-18.html,Zepp DiverCity,2026年1月24日 1:21,-432,-456,土,2026年3月14日
記念日：安和すばる誕生日2026,記念日,,・誕生日おめでとうございます！！,https://girls-band-cry.com/character/subaru/,全国,2025年11月13日 16:18,623,599,月,2026年4月27日
記念日：河原木桃香誕生日2025,記念日,,・誕生日おめでとうございます！！,https://girls-band-cry.com/character/momoka/,全国,2025年11月13日 16:16,-2712,-2736,火,2025年12月9日
記念日：ルパ誕生日2025,記念日,,・誕生日おめでとうございます！！,https://girls-band-cry.com/character/rupa/,全国,2025年11月13日 16:17,-6648,-6672,土,2025年6月28日
記念日：海老塚智誕生日2025,記念日,,・誕生日おめでとうございます！！,https://girls-band-cry.com/character/tomo/,全国,2025年11月13日 16:18,-9000,-9024,土,2025年3月22日
記念日：安和すばる誕生日2025,記念日,,・誕生日おめでとうございます！！,https://girls-band-cry.com/character/subaru/,全国,2025年11月13日 16:18,-8136,-8160,,2025年4月27日
記念日：海老塚智誕生日2026,記念日,,・誕生日おめでとうございます！！,https://girls-band-cry.com/character/tomo/,全国,2025年11月13日 16:20,-240,-264,,2026年3月22日
記念日：ルパ誕生日2026,記念日,,・誕生日おめでとうございます！！,https://girls-band-cry.com/character/rupa/,全国,2025年11月13日 16:20,2111,2087,,2026年6月28日
記念日：河原木桃香誕生日2026,記念日,,・誕生日おめでとうございます！！,https://girls-band-cry.com/character/momoka/,全国,2025年11月13日 16:20,6047,6023,水,2026年12月9日
記念日：井芹仁菜誕生日2026,記念日,,・誕生日おめでとうございます！！,https://girls-band-cry.com/character/nina/,全国,2025年11月13日 16:22,4943,4919,土,2026年10月24日
記念日：理名さん誕生日2026,記念日,,"・19歳お誕生日！
おめでとうございます！！
・2007/11/13生まれ",https://x.com/rina_togetoge,全国,2026年1月5日 21:45,5423,5399,金,2026年11月13日
記念日：夕莉さん誕生日2025,記念日,,"・25歳お誕生日！
おめでとうございます！！
・2000/9/26生まれ",https://x.com/yuri_togetoge,全国,2026年1月5日 21:45,-4488,-4512,金,2025年9月26日
記念日：夕莉さん誕生日2026,記念日,,"・26歳お誕生日！
おめでとうございます！！
・2000/9/26生まれ",https://x.com/yuri_togetoge,全国,2026年1月5日 21:45,4271,4247,土,2026年9月26日
記念日：朱李さん誕生日2025,記念日,,"・22歳お誕生日！
おめでとうございます！！
・2003/12/22生まれ",https://x.com/shuri_togetoge,全国,2026年1月5日 21:45,-2400,-2424,月,2025年12月22日
記念日：朱李さん誕生日2026,記念日,,"・23歳お誕生日！
おめでとうございます！！
・2003/12/22生まれ",https://x.com/shuri_togetoge,全国,2026年1月5日 21:46,6359,6335,火,2026年12月22日
記念日：美怜さん誕生日2025,記念日,,"・22歳お誕生日！
おめでとうございます！！
・2003/11/7生まれ",https://x.com/mirei_togetoge,全国,2026年1月5日 21:45,-3480,-3504,金,2025年11月7日
記念日：美怜さん誕生日2026,記念日,,"・23歳お誕生日！
おめでとうございます！！
・2003/11/7生まれ",https://x.com/mirei_togetoge,全国,2026年1月5日 21:45,5279,5255,土,2026年11月7日
記念日：凪都さん誕生日2025,記念日,,"・24歳お誕生日！
おめでとうございます！！
・2001/8/23生まれ",https://x.com/natsu_togetoge,全国,2026年1月5日 21:44,-5304,-5328,土,2025年8月23日
記念日：凪都さん誕生日2026,記念日,,"・25歳お誕生日！
おめでとうございます！！
・2001/8/23生まれ",https://x.com/natsu_togetoge,全国,2026年1月5日 21:45,3455,3431,,2026年8月23日
ポップアップストア：マルイ,ポップアップストア,,・アクスタ、缶バッジなど,https://x.com/marui_kanagawa/status/1985289561426292795?s=20,海老名マルイ,2025年11月14日 12:09,-3072,-3672,金,2025年10月31日 → 2025年11月24日
先行配信：碧いif,先行配信,,,https://girls-band-cry.com/news/post-400.html,オンライン,2025年11月14日 12:12,-4320,-4344,金,2025年10月3日
先行配信：無知のち私,先行配信,,,https://girls-band-cry.com/news/post-400.html,オンライン,2025年11月14日 12:13,-4152,-4176,金,2025年10月10日
先行配信：渇く、憂う,先行配信,,,https://girls-band-cry.com/news/post-400.html,オンライン,2025年11月14日 12:13,-3984,-4008,金,2025年10月17日
先行配信：吹き消した灯火,先行配信,,,https://girls-band-cry.com/news/post-400.html,オンライン,2025年11月14日 12:13,-3816,-3840,金,2025年10月24日
先行配信：生きて生きてゆく,先行配信,,,https://girls-band-cry.com/news/post-400.html,オンライン,2025年11月14日 12:14,-3648,-3672,金,2025年10月31日
先行配信：臆病な白夜,先行配信,,,https://girls-band-cry.com/news/post-400.html,オンライン,2025年11月14日 12:14,-3480,-3504,金,2025年11月7日
先行配信：最期の禱り,先行配信,,,https://girls-band-cry.com/news/post-400.html,オンライン,2025年11月14日 12:14,-3312,-3336,金,2025年11月14日
先行配信：もう何もいらない未来,先行配信,,・前編OP,https://girls-band-cry.com/news/post-400.html,オンライン,2025年11月18日 1:01,-3144,-3168,金,2025年11月21日
先行配信：命をくれよ,先行配信,,・前編ED,https://girls-band-cry.com/news/post-400.html,オンライン,2025年11月18日 1:01,-2976,-3000,金,2025年11月28日
先行配信：arrow,先行配信,,・後編OP,https://girls-band-cry.com/news/post-400.html,オンライン,2025年11月18日 1:00,-2808,-2832,金,2025年12月5日
先行配信：荊の薔薇,先行配信,,・後編ED,https://girls-band-cry.com/news/post-400.html,オンライン,2025年11月18日 1:00,-2640,-2664,金,2025年12月12日
ポップアップストア：ジーストア,ポップアップストア,,,https://www.cospa.com/special/girls-band-cry-2025-geestore/,ジーストア名古屋,2025年11月15日 8:50,-3264,-3480,土,2025年11月8日 → 2025年11月16日
ポップアップストア：ジーストア,ポップアップストア,,,https://www.cospa.com/special/girls-band-cry-2025-geestore/,ジーストア大阪,2025年11月15日 8:52,-2760,-2976,土,2025年11月29日 → 2025年12月7日
ポップアップストア：ジーストア,ポップアップストア,,,https://www.cospa.com/special/girls-band-cry-2025-geestore/,ジーストア小倉,2025年11月15日 8:53,-2424,-2640,土,2025年12月13日 → 2025年12月21日
ポップアップストア：ジーストア,ポップアップストア,,,https://www.cospa.com/special/girls-band-cry-2025-geestore/,ジーストア仙台,2025年11月15日 8:53,-2088,-2304,土,2025年12月27日 → 2026年1月4日
コラボ：ゲキクロ,コラボ,,・パーカー、ブレスレットなど,https://skream.jp/news/2025/11/togenashitogeari_gekirockclothing_colaboration_vol2_design.php,オンライン,2025年11月30日 2:36,-2910,-3255,月,2025年11月17日 9:00 (GMT+9) → 2025年11月30日 17:59 (GMT+9)
コラボ：カラオケ館,コラボ,,"・前半：10/3〜11/3
・後半：11/4〜11/30
・オリジナルグッズの販売やコースタープレゼントなど",https://karaokekan.jp/campaign/detail/1276,"なんば戎橋, 川崎, 池袋東口",2025年11月15日 9:44,-2928,-4344,金,2025年10月3日 → 2025年11月30日
"映画：劇場版総集編後半(第二週特典) ",映画,,・第二週特典：ミニ色紙(3種：仁菜・すばる、すばる・ルパ、アイ・リン),https://girls-band-cry.com/cinema/novelty/,全国,2025年11月18日 0:57,-3000,-3168,金,2025年11月21日 → 2025年11月27日
ポップアップストア：チャイナ衣装ver.,ポップアップストア,,"・ポップアップストアで税込3,000円お買い上げごとに特典ブロマイドを1枚プレゼント(6種)",https://x.com/cocollabo/status/1971047846687441030?s=20,栄ロフト,2025年12月1日 5:09,-2887,-3183,木,2025年11月20日 9:00 (GMT+9) → 2025年12月1日 17:00 (GMT+9)
物販：ガルクラ展 事後通販,物販,,"●終了日未定
・販売上限数達し次第、販売終了
・購入特典はありません",https://www.toei-anim.co.jp/lp/girls-band-cry/news/detail.php?id=2025112101,オンライン,2025年12月25日 6:14,-2352,-3072,火,2025年11月25日 → 2025年12月24日
コラボ：元祖ニュータンタンメン,コラボ,,・ポスター掲示や、メニュー表のQRからオリジナルスマホ壁紙プレゼント,https://x.com/girlsbandcry/status/1992518483150590223?s=46&t=7tOCt_N6yLkanz4aShAUng,"久地, 京町, 尻手, 登戸, 鷺沼, 鹿島田",2025年11月24日 1:17,-2592,-3096,月,2025年11月24日 → 2025年12月14日
申込：Zepp Tour 2026 “拍動の未来”シリアル先行(ツアーファイナル),申込,,・当落発表：2025年11月29日（土）18:00～,https://girls-band-cry.com/live/post-18.html,"オンライン, 全国",2025年11月24日 1:28,-3048,-3878,水,2025年10月22日 10:00 (GMT+9) → 2025年11月24日 23:59 (GMT+9)
当落発表：Zepp Tour 2026 “拍動の未来”シリアル先行(ツアーファイナル),当落発表,,・入金期間：2025年11月29日（土）18:00～2025年12月3日（水）23:59,https://girls-band-cry.com/live/post-18.html,オンライン,2025年11月24日 1:26,-2934,-2958,土,2025年11月29日 18:00 (GMT+9)
"映画：劇場版総集編後半(第三週特典) ",映画,,・第三週特典：新規カットフィルム風しおり(7種ランダム),https://girls-band-cry.com/cinema/novelty/,全国,2025年11月25日 0:19,-2832,-3000,金,2025年11月28日 → 2025年12月4日
コラボ：DOGver. &くまみねver. ビッグカメラ,コラボ,,"・ビックカメラ川崎店を含む、10店舗アキバ☆ソフマップ(通販)にて発売
・該当商品を2,000円(税込)以上ご購入のお客様には、
全15種展開の「ポストカード」をプレゼント
",https://x.com/EDITH_official_/status/1993228188726501643?s=20,"AKIBAアミューズメント館, なんば, オンライン, 仙台駅前, 名古屋駅西, 天神1号館, 川崎, 横浜ビブレ, 池袋, 町田, 神戸ハーバーランド",2025年11月25日 17:17,-2424,-2832,金,2025年12月5日 → 2025年12月21日
ラジオ：早期入会特典,ラジオ,,"・2025年11月末までにスペシャルプラン入会の方が対象
・通常プラン（月額550円）／スペシャルプラン（月額1,650円）
・共通特典：
・アーカイブ聴き放題
・会員限定パート視聴
・生配信番組の視聴（不定期）
・公開収録イベントへの先行応募（スペシャル→通常の順）
スペシャルプラン限定：
・メンバー直筆メッセージ入りポストカード（毎月・データ配布）
・収録時オフショット（毎月・約10枚）
・メンバー書き込み入り台本PDF（毎月）",https://togeradi-interfm.bitfan.id/contents/304402,"オンライン, 全国",2025年11月26日 0:29,-2928,-4392,水,2025年10月1日 → 2025年11月30日
ポップアップストア：HMV&BOOKS,ポップアップストア,,"・酒井香澄新規描き下ろしイラストグッズ
・関連商品を2,000円（税込）お買い上げごとに特典クリアカード（全6種）をランダムで1枚プレゼント！",https://www.medicos-e.net/newsdetail/girlsbandcry_hmv/,"仙台, 心斎橋",2025年11月26日 19:35,-2592,-3024,木,2025年11月27日 → 2025年12月14日
ポップアップストア：HMV&BOOKS,ポップアップストア,,"・酒井香澄新規描き下ろしイラストグッズ
・関連商品を2,000円（税込）お買い上げごとに特典クリアカード（全6種）をランダムで1枚プレゼント！",https://www.medicos-e.net/newsdetail/girlsbandcry_hmv/,"ラゾーナ川崎, 博多, 渋谷",2025年11月26日 19:36,-3432,-3840,金,2025年10月24日 → 2025年11月9日
物販：Space A la mode予約期間,物販,,"●通販予約期間の終了日不明
・手島nari描き下ろしイラスト使用のアパレル・雑貨商品が登場！
・発売は2026年2月14日",https://x.com/animateinfo/status/1993877973825441828?s=20,"アニメイト梅田, アニメイト池袋, アニメイト渋谷, アニメイト秋葉原1号館, オンライン",2026年1月24日 1:48,-1128,-3024,木,2025年11月27日 → 2026年2月13日
物販：COSPA2次元予約受付(クッション),物販,,・発売は2026年3月中旬,https://x.com/girlsbandcry/status/1993968036001480704?s=20,オンライン,2025年11月28日 3:13,-2424,-3024,木,2025年11月27日 → 2025年12月21日
物販：ガルクジ Track.2,物販,,"・作画監督の酒井香澄氏による描き下ろしイラストを使用したグッズ
・1回 ¥660（税込）
・お届け日時：2026年3月中旬頃より順次発送予定
・確率
S賞：1.5%　　レコード風バッグ
A賞：2.5%　   Tシャツ
B賞：6%　　  バスタオル
C賞：10%　　アクリルスタンド
D賞：30%　　ポストカードセット
E賞：50%　　ホログラム缶バッジ

Wチャンス：10連ガチャの方限定で、抽選で1/10の確率で、大理石風の特殊板を使用した「アクリルキーホルダー」が当たる！
▼各期間ごとの対象絵柄 [Wチャンス]
①12/1(月)-12/5(金)：全5種ランダム
②12/6(土)-12/9(火)：仁菜
③12/10(水)-12/13(土)：桃香
④12/14(日)-12/17(水)：すばる
⑤12/18(木)-12/21(日)：智
⑥12/22(月)-12/25(木)：ルパ
⑦12/26(金)-12/31(水)：全5種ランダム",https://x.com/girlsbandcry_gi/status/1994339695199764589?s=20,オンライン,2025年12月9日 21:01,-2160,-2916,月,2025年12月1日 12:00 (GMT+9) → 2025年12月31日 23:59 (GMT+9)
映画：【応援上映】劇場版総集編後半,映画,,"・歓声OK！応援OK！拍手OK！
うちわ、タオル、ぬいぐるみ、ペンライト、サイリウムなど応援グッズをご持参いただくのもOK。
・＜入場者プレゼント＞【後編】第4週目来場者特典をプレゼント。
・※本編はセリフ・歌詞の字幕表示がされる日本語字幕付き上映となります。",https://girls-band-cry.com/news/post-434.html,"T・ジョイ 梅田, チネチッタ, ミッドランドスクエアシネマ, 新宿バルト9, 立川シネマシティ",2025年12月1日 18:43,-2808,-2832,金,2025年12月5日
映画：劇場版総集編後半(第四週特典),映画,,"・第四週特典：手島nari描き下ろし漫画(桃香とダイダスの過去の物語)
・マナー講座(安和すばる&ルパ)",https://girls-band-cry.com/cinema/novelty/,全国,2025年12月5日 5:46,-2664,-2832,金,2025年12月5日 → 2025年12月11日
コラボ：グッズフェアinアニメイト,コラボ,,"・キャラクターグッズをご購入1,100円(税込)毎に、特典「ポストカード(全10種)」を1枚プレゼント！",https://www.animate-onlineshop.jp/contents/fair_event/detail.php?id=113641&srsltid=AfmBOoroeovhhJqszthd4uSk9H0A9hjqjU6L6_C0AA5uf_oYqLCPl-vN,"アニメイト仙台, アニメイト名古屋, アニメイト大阪日本橋, アニメイト川崎, アニメイト新宿, アニメイト札幌, アニメイト梅田, アニメイト横浜ビブレ, アニメイト池袋, アニメイト福岡パルコ, アニメイト秋葉原, オンライン",2025年12月2日 6:19,-1896,-2496,金,2025年12月19日 → 2026年1月12日
物販：くりぱん(ぬいぐるみ),物販,,・発送予定は6月予定,https://x.com/goodsmile_md/status/1995326992200118316?s=20,オンライン,2025年12月2日 6:23,-2016,-2928,月,2025年12月1日 → 2026年1月7日
ラジオ：第九回トゲラジ,ラジオ,,・毎週火曜日 23:30～0:00,https://togeradi-interfm.bitfan.id/,オンライン,2025年12月2日 7:38,-2856,-2881,火,2025年12月2日 23:30 (GMT+9) → 23:59
ラジオ：第十回トゲラジ,ラジオ,,・毎週火曜日 23:30～0:00,https://togeradi-interfm.bitfan.id/,オンライン,2025年12月3日 4:23,-2688,-2713,火,2025年12月9日 23:30 (GMT+9) → 23:59
ラジオ：第十一回トゲラジ,ラジオ,,・毎週火曜日 23:30～0:00,https://togeradi-interfm.bitfan.id/,オンライン,2025年12月3日 4:23,-2520,-2545,火,2025年12月16日 23:30 (GMT+9) → 23:59
物販：バンドスコアvol.3(楽譜),物販,,"・【収載曲】
闇に溶けてく
蝶に結いた赤い糸
碧いif
無知のち私
渇く、憂う
吹き消した灯火
生きて生きてゆく
臆病な白夜
最期の禱り
さよならあの日のメロディ
・全国ヤマハ特約楽器店/書店でもお求めできます！",https://www.ymm.co.jp/p/detail.php?code=GTL01102520,"オンライン, 全国",2025年12月3日 4:28,-2400,-2424,月,2025年12月22日
申込：リミスタ特典応募期限,申込,,"・【対象商品】
2025年12月17日(水)発売
EP『全部をさらして生きてやる』税込2,200円（税抜2,000円）

・【特典内容】
 - EP1枚
 - EPジャケット絵柄を使用したカードをプレゼント！
 - さらに抽選で100名様には、出演メンバーがサインとあなたのニックネーム、日付も記入いたします。",https://limista.com/projects/6783,オンライン,2025年12月3日 4:35,-2621,-4332,金,2025年10月3日 12:00 (GMT+9) → 2025年12月12日 19:30 (GMT+9)
申込：トゲラジ送付先情報登録,申込,,"・11月末までに入会された、スペシャル会員向けの発信です
・公式からのメールやbitfanのmypageにあるメッセージをご確認ください",https://togeradi-interfm.bitfan.id/,オンライン,2025年12月3日 4:42,-2616,-2906,月,2025年12月1日 22:00 (GMT+9) → 2025年12月12日 23:59 (GMT+9)
映画：スタッフトークイベント,映画,,"・上映時間19:15の回上映終了後
・出演(敬称略)
 - 酒井和男(監督)
 - 手島nari(キャラクターデザイン)
 - 平山理志(プロデューサー)",https://x.com/girlsbandcry/status/1996897348950380826?s=20,T・ジョイ SEIBU大泉,2025年12月8日 7:04,-2640,-2664,金,2025年12月12日
映画：スタッフトークイベント,映画,,"・上映時間11:00の回上映終了後
・出演(敬称略)
 - 酒井和男(監督)
 - 手島nari(キャラクターデザイン)
 - 平山理志(プロデューサー)",https://x.com/girlsbandcry/status/1996897348950380826?s=20,チネチッタ,2025年12月8日 7:04,-2592,-2616,,2025年12月14日
申込：Zepp Tour 2026 3次先行,申込,,"・当落発表：2025年12月16日13:00～
・【対象公演】
• 2/11(水・祝) 18:00 神奈川・KT Zepp Yokohama
• 2/14(土) 17:00 福岡・Zepp Fukuoka
• 2/23(月・祝) 17:00 愛知・Zepp Nagoya
• 2/28(土) 17:00 北海道・Zepp Sapporo
• 3/8(日) 17:00 大阪・Zepp Osaka Bayside
• 3/13(金) 19:00 東京・Zepp DiverCity(TOKYO)
• 3/14(土) 17:00 東京・Zepp DiverCity(TOKYO)
※全公演共通：
グッズ付き1階スタンディング 14,400円 / 1階スタンディング 9,900円（税込）
",https://girls-band-cry.com/live/post-18.html,オンライン,2025年12月9日 0:52,-2664,-2918,月,2025年12月1日 10:00 (GMT+9) → 2025年12月10日 23:59 (GMT+9)
当落発表：Zepp Tour 2026 3次先行,当落発表,,"・当落発表：2025年12月16日13:00～
・【対象公演】
• 2/11(水・祝) 18:00 神奈川・KT Zepp Yokohama
• 2/14(土) 17:00 福岡・Zepp Fukuoka
• 2/23(月・祝) 17:00 愛知・Zepp Nagoya
• 2/28(土) 17:00 北海道・Zepp Sapporo
• 3/8(日) 17:00 大阪・Zepp Osaka Bayside
• 3/13(金) 19:00 東京・Zepp DiverCity(TOKYO)
• 3/14(土) 17:00 東京・Zepp DiverCity(TOKYO)
※全公演共通：
グッズ付き1階スタンディング 14,400円 / 1階スタンディング 9,900円（税込）
",https://girls-band-cry.com/live/post-18.html,オンライン,2025年12月9日 0:56,-2531,-2555,火,2025年12月16日 13:00 (GMT+9)
物販：OK COFFEE,物販,,・珈琲やバウムクーヘン、コースターなど,https://okcoffeeroastery.com/collections/gbc_togetoge,オンライン,2025年12月9日 1:19,-2424,-2760,月,2025年12月8日 → 2025年12月21日
物販：JR東海事後通販,物販,,,https://www.chugai-contents.jp/shopbrand/ct366,オンライン,2025年12月9日 1:29,-2304,-2700,水,2025年12月10日 12:00 (GMT+9) → 2025年12月25日 23:59 (GMT+9)
プライズ：セガプライズ フィギュア(仁菜/桃香),プライズ,,"●終了日未定
・井芹仁菜、河原木桃香(12/12～)
・安和すばる(12/19～)",https://segaplaza.jp/search/?q=%E3%82%AC%E3%83%BC%E3%83%AB%E3%82%BA%E3%83%90%E3%83%B3%E3%83%89%E3%82%AF%E3%83%A9%E3%82%A4&type=prize&searchtype=title,全国,2026年1月9日 23:50,-1968,-2664,金,2025年12月12日 → 2026年1月9日
プライズ：セガプライズ フィギュア(すばる),プライズ,,"●終了日未定
・井芹仁菜、河原木桃香(12/12～)
・安和すばる(12/19～)",https://segaplaza.jp/search/?q=%E3%82%AC%E3%83%BC%E3%83%AB%E3%82%BA%E3%83%90%E3%83%B3%E3%83%89%E3%82%AF%E3%83%A9%E3%82%A4&type=prize&searchtype=title,全国,2026年1月9日 23:50,-1968,-2496,金,2025年12月19日 → 2026年1月9日
ポップアップストア：HMV事後通販,ポップアップストア,,・販売場所：MEDICOS ONLINE SHOP,https://www.medicos-e.net/newsdetail/girlsbandcry_hmv/,オンライン,2025年12月12日 23:22,-2040,-2568,火,2025年12月16日 → 2026年1月6日
映画：劇場版総集編後半(第五週特典),映画,,"●終了日未定
・第四週特典：クリアカード(6種ランダム)
・マナー講座(河原木桃香&海老塚智)",https://girls-band-cry.com/cinema/novelty/,全国,2025年12月26日 3:20,-2328,-2664,金,2025年12月12日 → 2025年12月25日
スタンプラリー：新スタンプ/缶バッジ,スタンプラリー,,"●終了日未定
・【KAWASAKI SPOT】
No.15　都町歩道橋 × ルパ
川崎アゼリアのガルクラスタンプギャラリーにて12月14日(日)より設置スタート!  ",https://x.com/mirai_things/status/2000038157073736034?s=20,川崎,2026年1月5日 21:36,-2088,-2616,,2025年12月14日 → 2026年1月4日
物販：機材メディア「STAGE」,物販,,"●終了日未定
「LIVE in 日本武道館 “https://x.com/hashtag/%E5%A5%8F%E6%AA%84%E3%81%AE%E5%8F%AB?src=hashtag_click”」
ライブレポ＆機材紹介を掲載
・【冊子版】
12/20(土)より全国楽器店にて順次発売(https://t.co/sK7etxdwtm)
・【WEB版】
https://t.co/Y0CSvuNZb4",https://x.com/girlsbandcry/status/1999403866979197206?s=20,"三重, 京都, 佐賀, 兵庫, 北海道, 千葉, 和歌山, 埼玉, 大阪, 奈良, 宮城, 宮崎, 山形, 山梨, 岐阜, 岡山, 岩手, 広島, 愛媛, 愛知, 新潟, 東京, 栃木, 沖縄, 熊本, 石川, 神奈川, 福岡, 福島, 群馬, 茨城, 長崎, 長野, 静岡, 香川, 鹿児島",2026年1月9日 23:50,-1968,-2472,土,2025年12月20日 → 2026年1月9日
ポップアップストア：劇場版総集編前編事後通販,ポップアップストア,,"・2025年9月27日(土)より新宿マルイアネックス・名古屋セントラルパーク・海老名マルイにて順次販売した、 『劇場版総集編 ガールズバンドクライ【前編】青春狂走曲』公開記念POP-UP STORE商品の事後通販
・ご予約はこちらからhttps://t.co/ZMUpIh0BPq
受付期間：2025/12/15(月)13:00～2026/01/10(土)23:59
お届け時期：2026年4月予定",https://x.com/toeianime_shop/status/2000424686434619594?s=20,オンライン,2025年12月15日 22:58,-1920,-2579,月,2025年12月15日 13:00 (GMT+9) → 2026年1月10日 23:59 (GMT+9)
映画：1st ONE-MAN LIVE “薄明の序奏”<通常上映>,映画,,"・一律2,500円",https://cinecitta.co.jp/movies/detail/14107,チネチッタ,2025年12月17日 2:13,-2170,-2195,水,2025年12月31日 12:50 (GMT+9) → 14:35
映画：劇場版総集編【前編】<通常上映>,映画,,・通常料金＋300円,https://cinecitta.co.jp/movies/detail/13705,チネチッタ,2025年12月17日 2:16,-2095,-2121,土,2026年1月3日 15:30 (GMT+9) → 17:30
映画：劇場版総集編【後編】<通常上映>,映画,,・通常料金＋300円,https://cinecitta.co.jp/movies/detail/13810,チネチッタ,2025年12月17日 2:16,-2092,-2118,土,2026年1月3日 18:15 (GMT+9) → 20:15
映画：1st ONE-MAN LIVE “薄明の序奏”<応援上映>,映画,,"・一律2,500円
・ハードコア音響",https://cinecitta.co.jp/movies/detail/14107,チネチッタ,2025年12月17日 2:18,-2090,-2115,土,2026年1月3日 20:55 (GMT+9) → 22:40
コラボ：缶バッジ/手ぬぐいwith矢向湯,コラボ,,"●終了日未定
①新川崎（仮）缶バッジがスタンプギャラリーで再販
→1/24(土)から再販
②コラボグッズ「手拭い」販売",https://x.com/yakouyu/status/2001230898289668308?s=20,"GIRLS BAND CRY STAMP GALLERY, 矢向湯",2026年1月30日 6:36,-1512,-2472,土,2025年12月20日 → 2026年1月28日
当落発表：CDJリセール,当落発表,,,https://countdownjapan.jp/2526/ticket/resale/applyticket/,オンライン,2025年12月17日 22:44,-2480,-2504,木,2025年12月18日 16:00 (GMT+9)
物販：ガルクラ展グッズ,物販,,"●終了日未定
【ラインナップ】
オーロラアクリルスタンド
トレーディングアクリルマドラー
トレーディング場面写アクリルマグネット
トレーディングステッカー
トレーディングホログラム缶バッジ
トレーディング台詞ラバーコースター
トレーディングクリアカード
トレーディングアクリルブロック
仁菜のトゲトゲふきだしメモ
ボディペイントシール
ネックストラップ
クリアファイル2枚セット 各種
温感マグカップ
トゲナシトゲアリウォーター
トートバッグ
マルチハードケース
ビッグタオル
ダイカットクッション
プレミアムライブビジュアルポスター　各種
ボイスキーホルダー",https://x.com/mirai_things/status/2001940570022072633?s=20,GIRLS BAND CRY STAMP GALLERY,2026年1月25日 1:38,-1608,-2472,土,2025年12月20日 → 2026年1月24日
ラジオ：第十二回トゲラジ,ラジオ,,・毎週火曜日 23:30～0:00,https://togeradi-interfm.bitfan.id/,オンライン,2025年12月22日 1:23,-2352,-2377,火,2025年12月23日 23:30 (GMT+9) → 23:59
ラジオ：第十三回トゲラジ,ラジオ,,・毎週火曜日 23:30～0:00,https://togeradi-interfm.bitfan.id/,オンライン,2025年12月22日 1:23,-2184,-2209,火,2025年12月30日 23:30 (GMT+9) → 23:59
ラジオ：第十四回トゲラジ,ラジオ,,・毎週火曜日 23:30～0:00,https://togeradi-interfm.bitfan.id/,オンライン,2025年12月22日 1:24,-2016,-2041,火,2026年1月6日 23:30 (GMT+9) → 23:59
物販：RAISE MY CATHARSIS事後通販,物販,,"・先行販売は売り切れ次第終了
・完売していた一部通販在庫が復活",https://x.com/girlsbandcry/status/2001925469575278621?s=20,オンライン,2025年12月23日 2:58,-1728,-2385,火,2025年12月23日 15:00 (GMT+9) → 2026年1月18日 23:59 (GMT+9)
物販：チェスver.,物販,,"・発売/発送は2026年2月下旬ごろ
【対象商品】
・ブロマイド
・タペストリー
・クリアファイル
・アクスタ
・アクリルカード
・缶バッジ
・アクキー",https://x.com/teambellhouse/status/2002941427492557076?s=20,"アニメイト, ベルハウス",2025年12月23日 3:05,-1800,-2412,月,2025年12月22日 12:00 (GMT+9) → 2026年1月15日 23:59 (GMT+9)
物販：福袋 PARCO,物販,,"⚫︎終了日未定
【内容】5,500円(税込)
・缶バッジ
・ジオラマアクスタ
・Tシャツ
・トートバッグ",https://x.com/anibirth_/status/2004477296942710809?s=46&t=7tOCt_N6yLkanz4aShAUng,"心斎橋PARCO, 池袋PARCO",2026年2月1日 4:52,-1440,-2160,金,2026年1月2日 → 2026年1月31日
スタンプラリー：新スタンプ/缶バッジ,スタンプラリー,,"●終了日未定
・【KAWASAKI SPOT】
No.16　東扇島東公園 × 安和すばる
川崎アゼリアのガルクラスタンプギャラリーにて1月5日(月)より設置スタート!  

・1/11(日)～　スタンプイラストを使用したマフラータオルを販売",https://x.com/mirai_things/status/2000038157073736034?s=20,川崎,2026年1月25日 1:39,-1608,-2088,月,2026年1月5日 → 2026年1月24日
ポップアップストア：未来屋書店,ポップアップストア,,"実施内容：
・描き下ろし＆描き起こし商品POP-UP STORE
・等身大パネルの展示
・爆ぜて咲くver./お菓子作りver./平成ギャルver.など

特典：
・税込2,000円以上ご購入で、本POP-UP STORE限定の名刺サイズカード（全１種）をお渡しいたします。※無くなり次第終了",https://x.com/girlsbandcry_gc/status/2005828296592781665?s=46&t=7tOCt_N6yLkanz4aShAUng,"与野, 仙台上杉, 板橋, 浜松市野, 甲府昭和, 須坂",2026年1月2日 7:50,-1176,-1992,金,2026年1月9日 → 2026年2月11日
ポップアップストア：和装デニム,ポップアップストア,,"オンラインショップあり：https://tree-village.jp/news/014442.html
＜購入特典＞2,200円ごとにミニブロマイド(5種)をランダムプレゼント

＜商品一覧＞
・【TD】グリッター缶バッジ(5種)
・スクエアキーホルダー(5種)
・アクリルスタンド(5種)
・ダイカットステッカー(5種)
・BIGアクリルスタンド
・キャンバスボード
・クリアファイル
・【TD】アクリルカード(10種)
・【TD】ミニ色紙(8種)
・オーロラアクリルブロック(3種)
・BIG箔押し缶バッジ(5種)
・ミニCDキーホルダー(5種)
・WスエートB2タペストリー
・バンダナ
・ショッピングバッグ",https://tree-village.jp/news/014442.html,"オンライン, ツリービレッジ東京",2026年3月10日 1:15,-384,-816,金,2026年2月27日 → 2026年3月16日
物販：JR東海事後通販(一般予約),物販,,"・12月に実施されていた事前予約の一般予約
・4月以降順次発送
——
上記の開催期間や発送時期などは別で、
JR東海コラボ中に現地限定で販売していた、玉乃光よりコラボ商品であるコラボパッケージの酒粕フィナンシェが数量限定で再販中
【販売URL】
https://ec.tamanohikari.co.jp/products/2025-financier5",https://x.com/chugaionline/status/2009460369203536335?s=20,オンライン,2026年1月15日 0:53,-1464,-1992,金,2026年1月9日 0:00 (GMT+9) → 2026年1月29日 23:59 (GMT+9)
物販：AniBirth,物販,,"【新商品】
・お座りアクリルスタンド
・お座り缶バッジ
・仁菜リュックポーチ",https://x.com/AniBirth_/status/2009550724326191470?s=20,"AniBirth心斎橋, AniBirth池袋",2026年2月14日 7:35,-1128,-1824,金,2026年1月16日 → 2026年2月13日
物販：アニメイトフェア,物販,,"●終了日未定
【発売日】
2026/03/27発売(現在予約受付中)

【商品】
・ライトピクチャーパネル
・ステンレスボトル
・ZIPPOライター(通販限定)
以下、ダイダス/トゲトゲそれぞれの展開商品
・フルグラTシャツ
・アクスタ
・BIGアクリルスタンド
・B2タペストリー
・応援ミニうちわ
・クリアファイル
・ステッカー
・トレーディングアクキー
・トレーディングBIG缶バッジ
・トレーディングクリアポスター
・トレーディングチェキ風カード
・等身大パネル(通販限定)",https://www.animate-onlineshop.jp/corner/cc/girls-band-cry-0109goods/cd/4060/,アニメイト,2026年2月9日 7:29,-1248,-1992,金,2026年1月9日 → 2026年2月8日
ラジオ：第十五回トゲラジ,ラジオ,,・毎週火曜日 23:30～0:00,https://togeradi-interfm.bitfan.id/,オンライン,2026年1月12日 2:49,-1848,-1873,火,2026年1月13日 23:30 (GMT+9) → 23:59
ラジオ：第十六回トゲラジ,ラジオ,,・毎週火曜日 23:30～0:00,https://togeradi-interfm.bitfan.id/,オンライン,2026年1月12日 3:18,-1680,-1705,火,2026年1月20日 23:30 (GMT+9) → 23:59
ラジオ：第十七回トゲラジ,ラジオ,,・毎週火曜日 23:30～0:00,https://togeradi-interfm.bitfan.id/,オンライン,2026年1月12日 3:19,-1512,-1537,火,2026年1月27日 23:30 (GMT+9) → 23:59
ラジオ：第十八回トゲラジ,ラジオ,,・毎週火曜日 23:30～0:00,https://togeradi-interfm.bitfan.id/,オンライン,2026年1月12日 3:19,-1344,-1369,火,2026年2月3日 23:30 (GMT+9) → 23:59
配信：アーカイブ配信 RAISE MY CATHARSIS,配信,,"【販売期間】
1/29(木)19:00～2/12(木)21:00
※視聴は2/12(木)23:59まで
【料金】
グッズ付き：9,900円(税込)
一般：4,400円(税込)
【グッズ】
RAISE A SUILEN×トゲナシトゲアリ 特製コラボスウェットシャツ
【販売情報】
URL：https://eplus.jp/ras-togetoge/st-a/",https://x.com/girlsbandcry/status/2011793116295283191?s=20,オンライン,2026年1月16日 3:36,-1131,-1493,木,2026年1月29日 19:00 (GMT+9) → 2026年2月12日 21:00 (GMT+9)
プライズ：セガプライズ フィギュア(智/ルパ),プライズ,,"●終了日未定
・智、ルパ(1/23～)
・セガプラザの取扱店舗は島根県、徳島県を除く全国",https://segaplaza.jp/search/?q=%E3%82%AC%E3%83%BC%E3%83%AB%E3%82%BA%E3%83%90%E3%83%B3%E3%83%89%E3%82%AF%E3%83%A9%E3%82%A4&type=prize&searchtype=title,全国,2026年2月21日 1:32,-960,-1656,金,2026年1月23日 → 2026年2月20日
プライズ：不登校Tシャツver. 井芹仁菜,プライズ,,"●終了日未定
・ガールズバンドクライ　Coreful フィギュア　井芹仁菜～不登校Tシャツver.～
・サイズ：約18cm 種類：全1種
※店舗によっては入荷のタイミングが前後する可能性があります",https://x.com/Taito_Toys/status/1993962451914911768?s=20,"オンライン, 兵庫, 千葉, 埼玉, 大阪, 東京, 栃木, 神奈川, 福岡",2026年2月21日 1:33,-960,-1632,土,2026年1月24日 → 2026年2月20日
コラボ：アゼリア,コラボ,https://pbs.twimg.com/media/G_K4W-aWMAAJPf-?format=jpg&name=4096x4096,"●終了日未定
【商品内容】
①マルシェバッグ(桃香さんプリント絵)
②アクリルジオラマ(5人集合)

※
①はスタンプイラストのデザイン
②はレシートキャンペーンのイラストが復活",https://x.com/mirai_things/status/2013899374758179054?s=20,GIRLS BAND CRY STAMP GALLERY,2026年1月22日 1:22,-768,-1632,土,2026年1月24日 → 2026年2月28日
コラボ：and GALLERY Cafe,コラボ,,"【予約開始】
1/23(金) 18:00～
【開催期間】FOOD/DRINKコラボ
(前半)2/4(水)～2/23(月)
(後半)2/24(火)～3/15(日)
【コラボグッズ】
(トレーディングの略【TD】を記載)
・BIGアクリルスタンド
・【TD】ミニアクリルスタンド(5種)
・クリアファイル
・【TD】缶バッジ(10種)
以下後半2/24(火)～3/15(日)
・アクリルスタンド 私服ver.(5種)
・【TD】CDJ風アクリルコースター(10種)
・【TD】クリアカードA(10種)
・【TD】クリアカードB(10種)
【ノベルティ】
ポストカード/ペーパーコースター/スタッフパス風ステッカー/チケット風アクリルカード
【タイムテーブル】
①11:00-12:10 (L.O 11:40)
②12:30-13:40 (L.O 13:10)
③14:00-15:10 (L.O 14:40)
④16:00-17:10 (L.O 16:40)
⑤17:30-18:40 (L.O 18:10)
⑥19:00-20:10 (L.O 19:40) 
",https://x.com/andgallery_info/status/2014268758748250403?s=20,"名古屋, 池袋, 福岡, 道頓堀",2026年2月18日 7:50,-408,-1368,水,2026年2月4日 → 2026年3月15日
配信：ゲスト出演@バンドリ！TV LIVE 2026#299,配信,,"【出演者】
三澤紗千香さん（青葉モカ 役）
倉知玲鳳さん（パレオ 役）
紡木吏佐さん（チュチュ 役）
理名さん（井芹仁菜 役）
⼣莉さん（河原木桃香 役）
朱李さん（ルパ 役）
【配信時刻】
1/29(木) 22:00～
下記YouTube Liveで生配信
https://t.co/Ca7EqTT5VQ",https://x.com/bang_dream_info/status/2014336677624578535?s=20,オンライン,2026年1月23日 1:05,-1466,-1490,木,2026年1月29日 22:00 (GMT+9)
配信：WEBマガジン更新(第一回),配信,,"『ガールズバンドクライ』コミカライズ企画
WEBマガジン「コミックライド 」にて毎週金曜日更新予定
https://t.co/22IknQ5M4X
記念すべき連載開始は、2026年1月30日(金)です
第一回は、第一話と第二話①が更新対象です。

原作：東映アニメーション (https://x.com/toeianime_info?s=20)
漫画：伊勢海老ボイル (https://x.com/hasisisissy?s=20)
——
「怒りも喜びも哀しさも全部ぶちこめ。」
あの日、川崎で響いた音が―コミックとして再び幕を開ける",https://x.com/girlsbandcry/status/2014654343606423606?s=20,オンライン,2026年1月30日 7:00,-1464,-1488,金,2026年1月30日
申込：横浜/福岡 Zepp物販整理券,申込,,"【申込期間】
・横浜／福岡会場　　2026年1月30日(金)19:00~",https://girls-band-cry.com/live/post-18.html,オンライン,2026年1月24日 1:34,-1445,-1469,金,2026年1月30日 19:00 (GMT+9)
申込：名古屋/札幌 Zepp物販整理券,申込,,"【申込期間】
・名古屋／札幌会場　2026年2月9日(月)19:00~",https://girls-band-cry.com/live/post-18.html,オンライン,2026年1月24日 1:34,-1205,-1229,月,2026年2月9日 19:00 (GMT+9)
申込：大阪/東京 Zepp物販整理券,申込,,"【申込期間】
・大阪／東京会場　　2026年2月20日(金)19:00~",https://girls-band-cry.com/live/post-18.html,オンライン,2026年1月24日 1:35,-941,-965,金,2026年2月20日 19:00 (GMT+9)
ラジオ：公開収録イベント『ECHOES LIVE』,ラジオ,,"■開催概要
・イベント名：interfm 30th Anniversary 『ECHOES LIVE』 公開収録イベント
・開催日程：2026年3月21日（土）
【1部】　開場12:15／開演13:00～16:15
【2部】　開場17:15／開演18:00～21:15

■チケット情報
・料金：各部5,500円（税込・全席指定）※入場時別途ドリンク代
・チケットスケジュール：
①オフィシャル1次先行抽選　1月27日（火）18:00～2月2日（月）23:59
②トゲラジメンバーシップSP会員先行抽選　1月27日（火）18:00～2月2日（月）23:59
③オフィシャル2次先行抽選　2月6日（金）18:00～2月16日（月）23:59
④トゲラジメンバーシップSP＋通常会員先行抽選　2月6日（金）18:00～2月16日（月）23:59
⑤オフィシャル 一般先着　2月24日（火）18:00～
※②④はメンバーシップ優先座席エリアを設置",https://x.com/InterFM897/status/2016073701339639921?s=20,恵比寿 ザ・ガーデンホール,2026年1月31日 6:16,-264,-288,土,2026年3月21日
"ライブ：Live in SEOUL ""凛音の理”",ライブ,,"初の韓国ワンマンライブ
Live in SEOUL ""凛音の理""

開催日／2026.4.18（土）
会場／YES24 LIVE HALL

🎫チケット詳細は２月上旬発表！
🔗 http://to.livet.one/TOGETOGE26
*リンクは後日有効になります。",https://x.com/girlsbandcry/status/2016466292891602945?s=20,ソウル,2026年1月30日 6:18,407,383,土,2026年4月18日
その他：桃ワショ移植PJ/クラウドファンディング,その他,,"2/9 21:37に達成！引き続き受付中
『桃香（を）ワッショイ』のSwitch版移植を目指すクラウドファンディング(All-In方式)
●2/10更新)下記①をシリアルナンバー付きの実物にアップデート

【リターン】
①デジタル支援証明書
②ゲーム内クレジット(小)
③ゲーム内クレジット(大)
④『桃ワショ』ロゴTシャツ
⑤桃ワショ像レプリカ
<嘘つき:¥1,000>①
<ツンデレ¥3,000>①②
<酒豪¥10,000>①②④
<不登校¥30,000>①③④
<脱退¥100,000>①③④⑤  【完売】
※脱退のみ数量限定
【法人様向け】
企業クレジット（小）コース：¥200,000
企業クレジット（大）コース：¥500,000

【スケジュール】
◆プロジェクト終了後(26年3月31日)～移植開発開始
◆2026年内Nintendo Switch DL版 配信開始予定
※開発状況等によっては変更される場合ががございます。",https://x.com/girlsbandcry/status/2016708155586343407?s=20,オンライン,2026年2月11日 1:42,-24,-1248,月,2026年2月9日 → 2026年3月31日
コラボ：缶バッジ・スタンプ/スタンプ帳ケース,コラボ,,"●終了日未定
①「ネックストラップ付きスタンプ帳ケース」発売(¥1870円)
②缶バッジ＜KAWASAKI SPOT＞
No.17 南河原公園×河原木桃香
※缶バッジ/スタンプはスタンプギャラリー展",https://x.com/yakouyu/status/2001230898289668308?s=20,GIRLS BAND CRY STAMP GALLERY,2026年2月5日 3:13,-1344,-1464,土,2026年1月31日 → 2026年2月4日
配信：トゲRAS同時視聴@スペース,配信,,"「RAISE MY CATHARSIS」の同時視聴
「バンドリ！公式X：https://x.com/bang_dream_info?s=20」
「ガールズバンドクライ公式X：https://x.com/girlsbandcry?s=20」
にてスペース配信

【出演】
RAISE A SUILEN
 ・夏芽さん
 ・倉知玲鳳さん
トゲナシトゲアリ
 ・理名さん
 ・夕莉さん
 ・朱李さん

【対象アーカイブチケット発売中】
https://t.co/kgBBzZb8kI",https://x.com/girlsbandcry/status/2016868934499082295?s=20,オンライン,2026年1月30日 6:50,-1372,-1396,月,2026年2月2日 20:00 (GMT+9)
コラボ：PalVerse ミニフィギュア,コラボ,,"【価格】
［PACK］1,100円(税込)
［BOX］ 6,600円(税込)
【種類数】
　全6種
【サイズ】
全高：約90mm",https://x.com/bushi_hobby_jp/status/2016707901826683335?s=20,"オンライン, 全国",2026年1月30日 6:55,-768,-1488,金,2026年1月30日 → 2026年2月28日
配信：WEBマガジン更新(第三回),配信,,"『ガールズバンドクライ』コミカライズ企画
WEBマガジン「コミックライド 」にて毎週金曜日更新予定
https://t.co/22IknQ5M4X

原作：東映アニメーション (https://x.com/toeianime_info?s=20)
漫画：伊勢海老ボイル (https://x.com/hasisisissy?s=20)
——
「怒りも喜びも哀しさも全部ぶちこめ。」
あの日、川崎で響いた音が―コミックとして再び幕を開ける",https://x.com/girlsbandcry/status/2014654343606423606?s=20,オンライン,2026年2月16日 6:20,-1128,-1152,金,2026年2月13日
配信：WEBマガジン更新(第二回),配信,,"『ガールズバンドクライ』コミカライズ企画
WEBマガジン「コミックライド 」にて毎週金曜日更新予定
https://t.co/22IknQ5M4X

原作：東映アニメーション (https://x.com/toeianime_info?s=20)
漫画：伊勢海老ボイル (https://x.com/hasisisissy?s=20)
——
「怒りも喜びも哀しさも全部ぶちこめ。」
あの日、川崎で響いた音が―コミックとして再び幕を開ける",https://x.com/girlsbandcry/status/2014654343606423606?s=20,オンライン,2026年2月16日 6:20,-1296,-1320,金,2026年2月6日
PUS：サンリオコラボ,ポップアップストア,,"イトーヨーカドー8店舗でPOP UP SHOP開催！

＜購入特典＞2,200円ごとにミニブロマイド(11種)をランダムプレゼント

＜商品一覧＞
・【TD】ビッグ型缶バッジ(5種)
・キャラクリアケース(2種)
・【TD】おなまえアクリルプレートバッジ(9種)
・A4静電気ポスター(2枚セット)
・アクリルスタンド(9種)
・【TD】ビッグ型缶バッジ(9種)
・キャラクリアケース
・PUコンパクトミラー
・アクリルスタンドプレート(9種)",https://x.com/Lets_go_Yokado/status/2017055218337247568?s=20,"あべの店, ららぽーと横浜, アリオ亀有, アリオ北砂, アリオ蘇我, グランツリー武蔵小杉, 多摩センター, 大和鶴間",2026年2月3日 1:34,-72,-816,金,2026年2月27日 → 2026年3月29日
ラジオ：第十九回トゲラジ,ラジオ,,・毎週火曜日 23:30～0:00,https://togeradi-interfm.bitfan.id/,オンライン,2026年2月10日 2:35,-1176,-1201,火,2026年2月10日 23:30 (GMT+9) → 23:59
ラジオ：第二十回トゲラジ,ラジオ,,・毎週火曜日 23:30～0:00,https://togeradi-interfm.bitfan.id/,オンライン,2026年2月10日 2:35,-1008,-1033,火,2026年2月17日 23:30 (GMT+9) → 23:59
物販：缶バッジコレクションブック,物販,,"価格：4,950円
缶バッジを24個収納可能",https://x.com/mirai_things/status/2021132034509504720?s=20,GIRLS BAND CRY STAMP GALLERY,2026年3月11日 8:59,-480,-504,木,2026年3月12日
配信：5th 鳴動の刻 リミスタ,配信,,"【3/27(金)19:00～】
・『5th ONE-MAN LIVE ""鳴動の刻”』発売記念オンライントーク＆サイン会

【出演】
理名さん / 夕莉さん / 朱李さん

【配信】
公式YouTube生配信
※アーカイブあり

【対象商品】
「鳴動の刻」Blu-ray 8,800円 / DVD 7,700円
※発売日は3/25に変更

【特典】
・ジャケット絵柄カード
・抽選100名にサイン＋宛名＋日付入り
※記入メンバーはランダム
※1セット購入ごとに1回分付与",https://x.com/girlsbandcry/status/2021555064381550792?s=20,YouTube,2026年3月16日 4:07,-101,-125,金,2026年3月27日 19:00 (GMT+9)
申込：リミスタ特典応募期限,申込,,"【対象商品】
2026年03月11日(水)発売
2026年03月25日(水)発売
(発売延期のお知らせ：https://girls-band-cry.com/news/post-460.html)

トゲナシトゲアリ 『5th ONE-MAN LIVE ""鳴動の刻""』
①[Blu-ray] UMXK-1134 税込み8,800円（税抜き8,000円）
②[DVD] UMBK-1349 税込み7,700円（税抜き7,000円）

【特典内容】
特典：
『5th ONE-MAN LIVE ""鳴動の刻""』ジャケット絵柄を使用したカードをプレゼント！
さらに抽選で100名様には、出演メンバーがサインとあなたのニックネーム、日付も記入いたします。",https://limista.com/projects/7121,オンライン,2026年3月3日 8:06,-101,-1179,水,2026年2月11日 21:00 (GMT+9) → 2026年3月27日 19:00 (GMT+9)
ライブ：CON-CON HONG KONG 2026,ライブ,,"「CON-CON HONG KONG 2026」
Music Festival Day 1に出演決定！

📅2026年4月4日-5日
📍AsiaWorld-Expo",https://x.com/girlsbandcry/status/2021481597573493162?s=20,香港,2026年2月13日 7:25,71,47,土,2026年4月4日
配信：劇場版総集編配信開始,配信,,"【時間】
4/6(月)12:00より配信開始！
【対象サービス】
・Amazon Prime Video / U-NEXT
【価格】
配信購入：各2,200円
【配信購入者限定！キャンペーン】
配信購入版をキャンペーン期間中にご購入いただいた方を対象に、
２周年メモリアルグッズの購入権利コードを獲得！
新規イラストは手島nariさん描きおろし！
5人の“軌跡”が描かれたイラストとなっております！
＜メモリアルグッズ＞
1.メモリアル メタルキャンバスアート～軌跡～
販売価格：170,000円(税込)
※【3/27更新】
手島nariさんの直筆サインをすべてに入るように変更。
また、特別なシリアルナンバーには手島nariさんの直筆イラスト入る。
2.メモリアル アクリルジオラマ～軌跡～
販売価格：7,000円(税込)


【キャンペーン期間】
〇グッズ購入権利コード配布期間
2026年4/6(月)12:00～5/10(日)23:59
〇商品受注期間
2026年4/6(月)12:00～5/18(月)23:59
※対象期間外での購入では対象となりません。

",https://x.com/girlsbandcry/status/2021056529860845986?s=20,"Amazon, U-NEXT",2026年3月28日 6:04,959,107,月,2026年4月6日 12:00 (GMT+9) → 2026年5月10日 23:59 (GMT+9)
配信：CDJ2526ライブ映像,配信,,"「rockin’on presents COUNTDOWN JAPAN 25/26」
YouTubeライブ特番配信決定

【配信場所】
https://www.youtube.com/@rockinon

【トゲナシトゲアリ出演日】
DAY1(12/27公演分) 
▼2/27(金)18:30〜
※トゲナシトゲアリの出演は、2/27(金)21:45頃～

【アーカイブ配信期間】
DAY1〜DAY3：各日のYouTubeでの配信終了後 〜 3月15日(日) 23:59
DAY4・DAY5：各日のYouTubeでの配信終了後 〜 3月22日(日) 23:59
※配信後のアーカイブ配信視聴はチケット申込者のみとなります",https://x.com/agehasprings/status/2022234289992331493?s=20,オンライン,2026年2月25日 22:08,-774,-798,金,2026年2月27日 18:30 (GMT+9)
ラジオ：第二十一回トゲラジ,ラジオ,,・毎週火曜日 23:30～0:00,https://togeradi-interfm.bitfan.id/,オンライン,2026年2月16日 6:16,-840,-865,火,2026年2月24日 23:30 (GMT+9) → 23:59
配信：WEBマガジン更新(第四回),配信,,"『ガールズバンドクライ』コミカライズ企画
WEBマガジン「コミックライド 」にて毎週金曜日更新予定
https://t.co/22IknQ5M4X

原作：東映アニメーション (https://x.com/toeianime_info?s=20)
漫画：伊勢海老ボイル (https://x.com/hasisisissy?s=20)
——
「怒りも喜びも哀しさも全部ぶちこめ。」
あの日、川崎で響いた音が―コミックとして再び幕を開ける",https://x.com/girlsbandcry/status/2014654343606423606?s=20,オンライン,2026年2月16日 6:20,-960,-984,金,2026年2月20日
ラジオ：第二十二回トゲラジ,ラジオ,,・毎週火曜日 23:30～0:00,https://togeradi-interfm.bitfan.id/,オンライン,2026年2月16日 6:17,-672,-697,火,2026年3月3日 23:30 (GMT+9) → 23:59
配信：アニメ再放送 on AT-X,配信,,"AT-XにてTVシリーズの再放送

【放送スケジュール】
2026年3月20日(金)スタート
毎週(金)18:00
毎週(火)6:00
毎週(木)13:00
【30分×2話ずつ】
—
※アニメシアターX（AT-X）はワンランク上のアニメ専門チャンネルです。
最新アニメや名作アニメ、OVA、劇場版アニメ、声優バラエティ番組などを24時間、365日放送しております。(HPより)
※月額2,180円",https://x.com/girlsbandcry/status/2023230866848428259?s=20,オンライン,2026年2月17日 3:59,-288,-312,金,2026年3月20日
申込：Zepp Tour 愛知公演追加販売,申込,,"機材席開放につき2階指定席の追加販売が決定

■販売開始日時：2/18(水)20:00〜
※先着順のため、予定枚数に達し次第終了になります。
■受付URL：https://w.pia.jp/t/toge26zepp/
■チケット金額：2階指定席 11,000円（税込）
※ドリンク代を入場時にいただきます
※未就学児入場不可/6歳以上チケット必要
■対象公演
2/23(月・祝) Zepp Nagoya 愛知公演",https://x.com/girlsbandcry/status/2023351657573310955?s=20,オンライン,2026年2月17日 4:04,-988,-1012,水,2026年2月18日 20:00 (GMT+9)
コラボ：川崎大師 住𠮷,コラボ,,"●終了日未定
【グッズ】
・久寿餅ガルクラ缶 1,500円
・アクリルスタンド 各1,900円

※酒井香澄さん描き下ろしイラストを使用した限定グッズ",https://x.com/Daishikuzumochi/status/2024740852883759543?s=20,川崎,2026年3月27日 2:31,-127,-808,金,2026年2月27日 8:30 (GMT+9) → 2026年3月26日 17:00 (GMT+9)
"コラボ：缶バッジ・スタンプ(No.18,19)",コラボ,,"●終了日未定
缶バッジ＆スタンプ
＜No.18＞住吉×安和すばる
＜No.19＞川崎水族館×海老塚智",https://x.com/mirai_things/status/2026582954730815602?s=20,"川崎大師 山門前, 川崎水族館",2026年3月24日 1:22,-216,-816,金,2026年2月27日 → 2026年3月23日
物販：バンドスコアvol.4(楽譜),物販,,"●終了日未定
・【収載曲】
1 ダレモ
2 飛べない蝶は夢を見る
3 薄采ディスプレイ
4 蜃気楼ニ問フ
5 もう何もいらない未来
6 命をくれよ
7 arrow
8 荊の薔薇
-全8曲-

【価格】4,400円",https://x.com/YMM_shuppan/status/2027303321619607657?s=20,"オンライン, 全国",2026年2月28日 1:39,551,-216,火,2026年3月24日 → 2026年4月24日
配信：MV放送 on TOKYO MX,配信,,"ガールズバンドクライ ミュージックビデオをTOKYO MXにて放送！

【配信期間】
2/27(金)～3/31(火)
毎週金曜 25:50～25:55
毎週火曜 7:30～7:35

【TOKYO MX番組表】
https://s.mxtv.jp/",https://x.com/girlsbandcry/status/2026975548296273961?s=20,オンライン,2026年2月28日 1:42,-24,-816,金,2026年2月27日 → 2026年3月31日
出展：アニメジャパン2026 First Riff,出展,,"アニメジャパン 2026 出展決定！

【期間】 3月28日(土)・29日(日)
【場所】東京ビッグサイト
@東映アニメーションブース
【プレゼント】記念ノベルティ
<3/22更新>
・オリジナルピック、オリジナルクリアファイルプレゼント(トゲトゲ/カナリリ)
・「トゲナシトゲアリ」と「Canna Lily」のキャラクターパネルの展示
",https://x.com/gbc_firstriff/status/2035672962540703939?s=20,東京ビッグサイト,2026年3月23日 2:26,-72,-120,土,2026年3月28日 → 2026年3月29日
コラボ：缶バッジ・スタンプ(No.20),コラボ,,"●終了日未定
缶バッジ＆スタンプ
＜No.20＞レインボーハット×井芹仁菜

スタンプ設置：レインボーハット川崎店
缶バッジ：スタンプギャラリー展",https://x.com/mirai_things/status/2029119665176240196?s=20,"GIRLS BAND CRY STAMP GALLERY, レインボーハット川崎",2026年3月24日 1:29,-216,-648,金,2026年3月6日 → 2026年3月23日
コラボ：オシップ(β)先行テスター募集,コラボ,,"【申込】
2026年3月9日(月) 23:59
【当選】
2026年3月10日(火)中
【テスト日】
2026年3月13日(金)・14日(土)
＠東京・お台場周辺
【募集人数】
各日20人

・オシップ(β)とは…
AI観光アプリで今回夕莉さんをモデルにしたマスコット「ゆにゃ」と会話しながら街歩きを楽しめるアプリ。",https://x.com/FIMMIGRM/status/2029451852434337946?s=20,オンライン,2026年3月6日 6:59,-528,-663,木,2026年3月5日 9:00 (GMT+9) → 2026年3月9日 23:59 (GMT+9)
ポップアップストア：ホワイトフォーカス(神奈川),ポップアップストア,,"■神奈川県 川崎ルフロン
2026年3月19日(木)～2026年4月5日(日)
・オンラインサイト
https://vvstore.jp/feature/detail/22145

■グッズラインナップ
・【TD】メタリック缶バッジ(10種)
・【TD】ビックグリッター缶バッジ(5種)
・【TD】アクリルキーホルダー(5種)
・ピックセット
・【TD】ステッカーコレクション(5種)
・アクリルスタンド(5種)
・【TD】ビッグクリアカード(12種)
・ポストカードセット
・A3クリアポスター
・ビックアクリルスタンド(5種)
・ビックビジュアルクロス(5種)

※別日程で他店舗開催
■神奈川県 川崎ルフロン
■大阪府 あべのキューズモール
■福岡県 福岡三越
■愛知県 タカシマヤ ゲートタワーモール",https://x.com/girlsbandcry/status/2029753849230004402?s=20,"オンライン, 川崎ルフロン",2026年3月7日 6:58,95,-336,木,2026年3月19日 → 2026年4月5日
ポップアップストア：ホワイトフォーカス(大阪),ポップアップストア,,"■大阪府 あべのキューズモール
2026年3月20日(金・祝)～2026年4月5日(日)
・オンラインサイト
https://vvstore.jp/feature/detail/22145

■グッズラインナップ
・【TD】メタリック缶バッジ(10種)
・【TD】ビックグリッター缶バッジ(5種)
・【TD】アクリルキーホルダー(5種)
・ピックセット
・【TD】ステッカーコレクション(5種)
・アクリルスタンド(5種)
・【TD】ビッグクリアカード(12種)
・ポストカードセット
・A3クリアポスター
・ビックアクリルスタンド(5種)
・ビックビジュアルクロス(5種)

※別日程で他店舗開催
■神奈川県 川崎ルフロン
■大阪府 あべのキューズモール
■福岡県 福岡三越
■愛知県 タカシマヤ ゲートタワーモール",https://x.com/girlsbandcry/status/2029753849230004402?s=20,"あべのキューズモール, オンライン",2026年3月7日 6:58,95,-312,金,2026年3月20日 → 2026年4月5日
ポップアップストア：ホワイトフォーカス(福岡),ポップアップストア,,"■福岡県 福岡三越
2026年4月10日(金)～2026年4月26日(日)
・オンラインサイト
https://vvstore.jp/feature/detail/22145

■グッズラインナップ
・【TD】メタリック缶バッジ(10種)
・【TD】ビックグリッター缶バッジ(5種)
・【TD】アクリルキーホルダー(5種)
・ピックセット
・【TD】ステッカーコレクション(5種)
・アクリルスタンド(5種)
・【TD】ビッグクリアカード(12種)
・ポストカードセット
・A3クリアポスター
・ビックアクリルスタンド(5種)
・ビックビジュアルクロス(5種)

※別日程で他店舗開催
■神奈川県 川崎ルフロン
■大阪府 あべのキューズモール
■福岡県 福岡三越
■愛知県 タカシマヤ ゲートタワーモール",https://x.com/girlsbandcry/status/2029753849230004402?s=20,"オンライン, 福岡三越",2026年3月7日 6:58,599,191,金,2026年4月10日 → 2026年4月26日
ポップアップストア：ホワイトフォーカス(愛知),ポップアップストア,,"■愛知県 タカシマヤ ゲートタワーモール
2026年4月29日(水・祝)～2026年5月6日(水・振)
・オンラインサイト
https://vvstore.jp/feature/detail/22145

■グッズラインナップ
・【TD】メタリック缶バッジ(10種)
・【TD】ビックグリッター缶バッジ(5種)
・【TD】アクリルキーホルダー(5種)
・ピックセット
・【TD】ステッカーコレクション(5種)
・アクリルスタンド(5種)
・【TD】ビッグクリアカード(12種)
・ポストカードセット
・A3クリアポスター
・ビックアクリルスタンド(5種)
・ビックビジュアルクロス(5種)

※別日程で他店舗開催
■神奈川県 川崎ルフロン
■大阪府 あべのキューズモール
■福岡県 福岡三越
■愛知県 タカシマヤ ゲートタワーモール",https://x.com/girlsbandcry/status/2029753849230004402?s=20,"オンライン, タカシマヤ ゲートタワーモール",2026年3月7日 6:58,839,647,水,2026年4月29日 → 2026年5月6日
申込：Zepp Tour 東京公演追加販売,申込,,"機材席開放につき1階スタンディングの追加販売が決定

■販売開始日時：3/7(土)18:00〜
※先着順のため、予定枚数に達し次第終了になります。
■受付URL
https://w.pia.jp/t/toge26zepp/
■チケット金額：１階スタンディング 9,900円（税込）
※ドリンク代を入場時にいただきます
※未就学児入場不可/6歳以上チケット必要
■対象公演
3/14(土) Zepp DiverCity(TOKYO) 東京公演",https://x.com/girlsbandcry/status/2029768940637815124?s=20,オンライン,2026年3月7日 7:02,-582,-606,土,2026年3月7日 18:00 (GMT+9)
コラボ：丸福珈琲店,コラボ,,"期間：3/8(日)～3/31(火)
販売店舗：丸福珈琲店 川崎アゼリア店

トゲナシトゲアリ クリームソーダがメニューに復活します！",https://x.com/mirai_things/status/2029844444116398216?s=20,川崎アゼリア,2026年3月7日 7:06,-24,-600,,2026年3月8日 → 2026年3月31日
申込：SAO_理名さん登壇,申込,,"SAO新作ゲーム『Echoes of Aincrad』（2026年7月9日・10日発売）で、劇中歌 『Reach for the Rainbow』 を 理名さん・加藤礼愛さん が担当
さらに、理名さんは「Echoes of Aincrad」のララ役 も担当
（ボイス出演の有無は現時点では不明）
また、本作のプロモーションアニメ
「Unanswered//butterfly」 の先行上映スペシャルイベント開催決定
応募締切：2026年4月5日(日) 23:59
応募条件：対象サイトで対象商品を予約し、応募フォームに情報入力
対象商品：『Echoes of Aincrad』
・プレミアムエディション
・プレミアムエディション 電撃スペシャルパック
開催日：5月9日(土)
会場：東京 / 大阪
参加費：無料
時間：
・第1部 12:00～15:00
・第2部 16:00～18:00
・第3部 19:00～21:00
※第1部のみ舞台挨拶付き上映
※大阪会場では、東京会場の舞台挨拶をライブビューイング形式で上映
当選通知：2026年4月16日",https://x.com/sao_gameinfo/status/2029728281696817248?s=20,オンライン,2026年3月8日 1:30,95,-648,金,2026年3月6日 → 2026年4月5日
舞台挨拶：SAO_理名さん登壇,舞台挨拶,,"SAO新作ゲーム『Echoes of Aincrad』（2026年7月9日・10日発売）で、劇中歌 『Reach for the Rainbow』 を 理名さん・加藤礼愛さん が担当
さらに、理名さんは「Echoes of Aincrad」のララ役 も担当
（ボイス出演の有無は現時点では不明）
また、本作のプロモーションアニメ
「Unanswered//butterfly」 の先行上映スペシャルイベント開催決定
応募締切：2026年4月5日(日) 23:59
応募条件：対象サイトで対象商品を予約し、応募フォームに情報入力
対象商品：『Echoes of Aincrad』
・プレミアムエディション
・プレミアムエディション 電撃スペシャルパック
開催日：5月9日(土)
会場：東京 / 大阪
参加費：無料
時間：
・第1部 12:00～15:00
・第2部 16:00～18:00
・第3部 19:00～21:00
※第1部のみ舞台挨拶付き上映
※大阪会場では、東京会場の舞台挨拶をライブビューイング形式で上映
当選通知：2026年4月16日",https://x.com/sao_gameinfo/status/2029728281696817248?s=20,"大阪, 東京",2026年3月8日 1:32,911,887,土,2026年5月9日
ラジオ：第二十三回トゲラジ,ラジオ,,・毎週火曜日 23:30～0:00,https://togeradi-interfm.bitfan.id/,オンライン,2026年3月10日 1:05,-504,-529,火,2026年3月10日 23:30 (GMT+9) → 23:59
ラジオ：第二十四回トゲラジ,ラジオ,,・毎週火曜日 23:30～0:00,https://togeradi-interfm.bitfan.id/,オンライン,2026年3月10日 1:06,-336,-361,火,2026年3月17日 23:30 (GMT+9) → 23:59
ラジオ：第二十五回トゲラジ,ラジオ,,"・毎週火曜日 23:30～0:00

interfm 30thの公開収録(3/21)の第一部内容を含む放送予定",https://togeradi-interfm.bitfan.id/,オンライン,2026年3月24日 1:37,-168,-193,火,2026年3月24日 23:30 (GMT+9) → 23:59
配信：WEBマガジン更新,配信,,"『ガールズバンドクライ』コミカライズ企画
WEBマガジン「コミックライド 」にて毎週金曜日更新予定
https://t.co/22IknQ5M4X

原作：東映アニメーション (https://x.com/toeianime_info?s=20)
漫画：伊勢海老ボイル (https://x.com/hasisisissy?s=20)
——
「怒りも喜びも哀しさも全部ぶちこめ。」
あの日、川崎で響いた音が―コミックとして再び幕を開ける",https://x.com/girlsbandcry/status/2014654343606423606?s=20,オンライン,2026年3月10日 1:08,-624,-648,金,2026年3月6日
物販：2nd～5thLIVEグッズ,物販,,"●終了日未定
ガルクラスタンプギャラリー にて
2nd〜5thLIVEグッズの一部商品お取扱い決定",https://x.com/mirai_things/status/2031293993494130750?s=20,GIRLS BAND CRY STAMP GALLERY,2026年3月11日 9:06,263,-504,木,2026年3月12日 → 2026年4月12日
リリース：劇場版総集編発売,リリース,,"【7/22発売】
劇場版総集編ガールズバンドクライ 前編・後編 同時発売

【価格】
初回限定版BD：16,500円
通常版BD：8,800円
通常版DVD：7,700円

【特典】
・全形態共通：ライブ2026最速先行抽選申込券
・初回限定版：描きおろしジャケット/特典CD/ブックレット ほか
・店舗別購入特典あり
・受注限定で前後編＋井芹仁菜ぬいセット(39,600円/4/26締切)
※リミスタもあります",https://x.com/girlsbandcry/status/2032774239057739962?s=20,"オンライン, 全国",2026年3月16日 3:16,2687,2663,水,2026年7月22日
配信：劇場版総集編【前編】 リミスタ,配信,,"【発売記念配信】
劇場版総集編ガールズバンドクライ Blu-ray/DVD発売記念
オンライントーク配信＆サイン会開催

【開催日時】
・2026/4/24(金)19:00～20:00予定
・2026/7/10(金)19:00～20:00予定

【出演】
・理名さん(井芹仁菜 役)
・夕莉さん(河原木桃香 役)
・朱李さん(ルパ 役)

【購入特典】
・リミスタ対象商品購入でジャケット絵柄カード同梱
・抽選100名にサイン＋ニックネーム＋日付入り
※ニックネーム/日付記入メンバーはランダム",https://limista.com/projects/7230?id=7230,オンライン,2026年3月16日 3:33,571,546,金,2026年4月24日 19:00 (GMT+9) → 20:00
配信：劇場版総集編【後編】 リミスタ,配信,,"【発売記念配信】
劇場版総集編ガールズバンドクライ Blu-ray/DVD発売記念
オンライントーク配信＆サイン会開催

【開催日時】
・2026/4/24(金)19:00～20:00予定
・2026/7/10(金)19:00～20:00予定

【出演】
・理名さん(井芹仁菜 役)
・夕莉さん(河原木桃香 役)
・朱李さん(ルパ 役)

【購入特典】
・リミスタ対象商品購入でジャケット絵柄カード同梱
・抽選100名にサイン＋ニックネーム＋日付入り
※ニックネーム/日付記入メンバーはランダム",https://limista.com/projects/7230?id=7230,オンライン,2026年3月16日 3:33,2419,2394,金,2026年7月10日 19:00 (GMT+9) → 20:00
申込：TOUR 2026 FINAL “拍動の未来 -ENCORE-”,申込,,"【開催日時・会場】
2026/5/1(金)
OPEN 18:00 / START 19:00
東京ガーデンシアター

【チケット】
・グッズ付き指定席：15,400円(税込)
・指定席：11,000円(税込)
※グッズはキービジュアル使用デザイン

【最速先行抽選】
受付：3/25(水)10:00～4/6(月)23:59
当落：4/11(土)13:00～
入金：4/11(土)13:00～4/14(火)23:59

【申込】
・「トゲナシトゲアリ 5th ONE-MAN LIVE “鳴動の刻”」Blu-ray&DVD封入シリアルで申込
・シリアル1つにつき2枚まで
・複数シリアルがあれば複数申込可
・グッズ有無で座席優劣なし",https://x.com/girlsbandcry/status/2032773745509626294?s=20,オンライン,2026年3月16日 3:41,143,-182,水,2026年3月25日 10:00 (GMT+9) → 2026年4月6日 23:59 (GMT+9)
ライブ：TOUR 2026 FINAL “拍動の未来 -ENCORE-”,ライブ,,"【開催日時・会場】
2026/5/1(金)
OPEN 18:00 / START 19:00
東京ガーデンシアター

【チケット】
・グッズ付き指定席：15,400円(税込)
・指定席：11,000円(税込)
※グッズはキービジュアル使用デザイン

【最速先行抽選】
受付：3/25(水)10:00～4/6(月)23:59
当落：4/11(土)13:00～
入金：4/11(土)13:00～4/14(火)23:59

【申込】
・「トゲナシトゲアリ 5th ONE-MAN LIVE “鳴動の刻”」Blu-ray&DVD封入シリアルで申込
・シリアル1つにつき2枚まで
・複数シリアルがあれば複数申込可
・グッズ有無で座席優劣なし",https://x.com/girlsbandcry/status/2032773745509626294?s=20,オンライン,2026年3月16日 3:43,737,713,金,2026年5月1日 18:00 (GMT+9)
配信：アナログレコード盤 リミスタ,配信,,"【8/19発売】
「棘アリ」「棘ナシ」
完全生産限定アナログレコード盤 同時リリース

【価格】
各5,500円(税込)

【特典】
・手島nariさん新規描きおろしジャケット
・先着封入：ジャケット絵柄ステッカー
※5/24(日)までの予約推奨

【収録】
棘アリ10曲 / 棘ナシ12曲

【発売記念配信】
5/29(金)19:00～
出演：理名さん / 夕莉さん / 朱李さん

【リミスタ特典】
・ジャケット絵柄カード同梱
・抽選100名にサイン＋宛名＋日付入り
※記入メンバーはランダム",https://x.com/girlsbandcry/status/2032773987198185633?s=20,オンライン,2026年3月16日 3:49,1411,1386,金,2026年5月29日 19:00 (GMT+9) → 20:00
リリース：アナログレコード盤,リリース,,"【8/19発売】
「棘アリ」「棘ナシ」
完全生産限定アナログレコード盤 同時リリース

【価格】
各5,500円(税込)

【特典】
・手島nariさん新規描きおろしジャケット
・先着封入：ジャケット絵柄ステッカー
※5/24(日)までの予約推奨

【収録】
棘アリ10曲 / 棘ナシ12曲

【発売記念配信】
5/29(金)19:00～
出演：理名さん / 夕莉さん / 朱李さん

【リミスタ特典】
・ジャケット絵柄カード同梱
・抽選100名にサイン＋宛名＋日付入り
※記入メンバーはランダム",https://x.com/girlsbandcry/status/2032773987198185633?s=20,オンライン,2026年3月16日 3:50,3359,3335,水,2026年8月19日
配信：ガルリフ公式生放送第1回,配信,,"【公式生放送】
ガルリフ初の公式生放送が決定

【日時】
3/22(日)19:00～

【出演】
・MC：村田綾香さん
・ゲスト：トゲトゲ以外のメンバー

【内容】
・ガルリフ新情報
【3/16更新】
・本作は『D4DJ Groovy Mix』『Tokyo 7th シスターズ』のDONUTSが携わる
• 配信形式：(予定)スマートフォン(iOS、Android)
【3/21更新】
配信場所：ガルクラ公式YouTube チャンネル
https://t.co/tTUKSAZxg1
※続報あり",https://x.com/gbc_firstriff/status/2032781287769968822?s=20,オンライン,2026年3月22日 2:06,-221,-245,,2026年3月22日 19:00 (GMT+9)
物販：Stride! ver. in アニメイト,物販,,"【事前予約】
2026/3/19(木)12:00～
アニメイト通販にて受付開始

【開催期間】
2026/7/10(金)～7/26(日)

【開催店舗】
池袋本店 / 新宿店 / 渋谷店 / 秋葉原店 / 川崎店 / 横浜ビブレ店 / 名古屋店 / 梅田店 / 大阪日本橋店 / 福岡パルコ店 / アニメイト通販

【商品】
・“60s Mods”イメージ
・酒井香澄さん描き下ろしイラスト使用

【詳細】
https://bushiroad-creative.com/topics/97362/

【商品内容】
アクリルジオラマ
ジオラマアクリルスタンド(5種)
SNS風アクリルキーホルダー(5種)
【TD】缶バッジ(10種)
【TD】メタリックチケット風カード(5種)
【TD】ブロマイド(10種)
【TD】クリアカード(12種)
※購入特典
期間中、1会計2,000円(税込)お買い上げごとに【ピック型ステッカー(全5種)】をランダムで1枚プレゼント",https://x.com/bushi_creative/status/2034464904930033886?s=20,オンライン,2026年3月19日 23:44,431,-336,木,2026年3月19日 → 2026年4月19日
コラボ：SCREAM CAFE at 東京,コラボ,,"【開催日程】in Tree Village
・東京：4/4(土)～4/17(金)
・横浜：4/24(金)～5/15(金)
・大阪/博多：6/6(土)～6/18(木)
・オンライン：4/4(土)12:00～6/18(木)23:59
【内容】
・酒井香澄さん描き下ろしイラスト/グッズ展開
アクリルスタンド(5種)
【TD】メタリック缶バッジ(10種)
【TD】ビッグクリアカード(12種)
【TD】お名前クリップバッジ(5種)
ピックセット
【TD】ステッカー(6種)
【TD】場面写缶バッジ(5種)
クリアファイル
Tシャツ
※3,300円購入ごとにオリジナルポストカード1枚プレゼント",https://x.com/girlsbandcry/status/2034540384605642854?s=20,東京,2026年3月19日 23:56,383,47,土,2026年4月4日 → 2026年4月17日
コラボ：SCREAM CAFE at 横浜,コラボ,,"【開催日程】in Tree Village
・東京：4/4(土)～4/17(金)
・横浜：4/24(金)～5/15(金)
・大阪/博多：6/6(土)～6/18(木)
・オンライン：4/4(土)12:00～6/18(木)23:59
【内容】
・酒井香澄さん描き下ろしイラスト/グッズ展開
アクリルスタンド(5種)
【TD】メタリック缶バッジ(10種)
【TD】ビッグクリアカード(12種)
【TD】お名前クリップバッジ(5種)
ピックセット
【TD】ステッカー(6種)
【TD】場面写缶バッジ(5種)
クリアファイル
Tシャツ
※3,300円購入ごとにオリジナルポストカード1枚プレゼント",https://x.com/girlsbandcry/status/2034540384605642854?s=20,横浜,2026年3月19日 23:58,1055,527,金,2026年4月24日 → 2026年5月15日
コラボ：SCREAM CAFE at 大阪/博多,コラボ,,"【開催日程】in Tree Village
・東京：4/4(土)～4/17(金)
・横浜：4/24(金)～5/15(金)
・大阪/博多：6/6(土)～6/18(木)
・オンライン：4/4(土)12:00～6/18(木)23:59
【内容】
・酒井香澄さん描き下ろしイラスト/グッズ展開
アクリルスタンド(5種)
【TD】メタリック缶バッジ(10種)
【TD】ビッグクリアカード(12種)
【TD】お名前クリップバッジ(5種)
ピックセット
【TD】ステッカー(6種)
【TD】場面写缶バッジ(5種)
クリアファイル
Tシャツ
※3,300円購入ごとにオリジナルポストカード1枚プレゼント",https://x.com/girlsbandcry/status/2034540384605642854?s=20,"博多, 大阪",2026年3月19日 23:59,1871,1559,土,2026年6月6日 → 2026年6月18日
コラボ：SCREAM CAFE オンライン,コラボ,,"【開催日程】in Tree Village
・東京：4/4(土)～4/17(金)
・横浜：4/24(金)～5/15(金)
・大阪/博多：6/6(土)～6/18(木)
・オンライン：4/4(土)12:00～6/18(木)23:59
【内容】
・酒井香澄さん描き下ろしイラスト/グッズ展開
アクリルスタンド(5種)
【TD】メタリック缶バッジ(10種)
【TD】ビッグクリアカード(12種)
【TD】お名前クリップバッジ(5種)
ピックセット
【TD】ステッカー(6種)
【TD】場面写缶バッジ(5種)
クリアファイル
Tシャツ
※3,300円購入ごとにオリジナルポストカード1枚プレゼント",https://x.com/girlsbandcry/status/2034540384605642854?s=20,オンライン,2026年3月20日 0:09,1895,59,土,2026年4月4日 12:00 (GMT+9) → 2026年6月18日 23:59 (GMT+9)
PUS：ドットアート at Anibirth,ポップアップストア,,"ドット絵ver.グッズ！

【商品】
アクリルキーホルダー(5種)
【TD】アクリルブロック(10種)
ステッカー
マウスパッド
【TD】缶バッジ(10種)

【取扱店舗】
Anibirth池袋PARCO店/心斎橋PARCO店：3/27～
オンライン(東映アニメーションオフィシャルストア)：3/27 13時～",https://x.com/girlsbandcry/status/2034842366209925631?s=20,"AniBirth心斎橋, AniBirth池袋, オンライン",2026年3月21日 8:29,623,-144,金,2026年3月27日 → 2026年4月27日
配信：ガルリフ公式生放送第2回,配信,,"【日時】
4/18(土)19:00～

【出演】
・MC：情報なし
・ゲスト：情報なし

【内容】
・未定(新バンド紹介？)

配信場所：ガルクラ公式YouTube チャンネル
https://t.co/tTUKSAZxg1",https://x.com/gbc_firstriff/status/2032781287769968822?s=20,オンライン,2026年3月23日 2:21,426,402,土,2026年4月18日 19:00 (GMT+9)
申込：<先行抽選>Canna Lily 1st ONE-MAN LIVE,申込,,"【ワンマンライブ】
Canna Lily 1st ONE-MAN LIVE「未明に咲く花」開催

【日時・会場】
2026/6/26(金)
代官山UNIT
OPEN 18:00 / START 19:00

【チケット】
5,500円(税込)

【先行抽選】
受付：3/22(日)21:00～4/1(水)23:59
結果発表：4/8(水)予定

【出演】
Canna Lily
・箭野結羽さん(橘田楓役)
・早坂莉寧さん(星亜矢芽役)
・紫乃月姫咲さん(榊原紫苑役)
・佐野櫻さん(雪志摩ナズナ役)
・椎名在音さん(千ヶ崎竜胆役)",https://x.com/CannaLily_GBC/status/2035670433207664840?s=20,オンライン,2026年3月23日 2:49,23,-243,,2026年3月22日 21:00 (GMT+9) → 2026年4月1日 23:59 (GMT+9)
ライブ：Canna Lily 1st ONE-MAN LIVE,ライブ,,"【ワンマンライブ】
Canna Lily 1st ONE-MAN LIVE「未明に咲く花」開催

【日時・会場】
2026/6/26(金)
代官山UNIT
OPEN 18:00 / START 19:00

【チケット】
5,500円(税込)

【出演】
Canna Lily
・箭野結羽さん(橘田楓役)
・早坂莉寧さん(星亜矢芽役)
・紫乃月姫咲さん(榊原紫苑役)
・佐野櫻さん(雪志摩ナズナ役)
・椎名在音さん(千ヶ崎竜胆役)",https://x.com/CannaLily_GBC/status/2035670433207664840?s=20,代官山UNIT,2026年3月23日 2:35,2063,2039,金,2026年6月26日
ポップアップストア：white ver.,ポップアップストア,,"【開催期間】
①2026/4/7(火)～4/14(火)
渋谷モディ 4F AMNIBUS STORE -white-
②2026/4/7(火)～不明
オンライン「AMNIBUS」
https://amnibus.com/
③2026/4/15(水)～不明
オンライン「アニメイト」
https://www.animate-onlineshop.jp/

【入場】
・4/7(火)はシャッフル抽選入場実施
集合：10:15～10:20
配布：10:20～
1枠目入場：11:15～
※状況によりフリー入場へ切替の場合あり

【購入特典】
・イベント関連商品2,000円(税込)ごとに
「イベント購入特典ポストカード(全6種)」をランダムで1枚プレゼント
・その他缶バッジのBOX買いの特典など

【内容】
【TD】ホログラム缶バッジ(10種)
【TD】缶バッジ(10種)
【TD】ブロマイド(12種)
【TD】イラストカード(10種)
【TD】アクリルカード(10種)
【TD】アクリルネームプレート(10種)
BIGアクリルスタンド(5種)
BIGアクリルキーホルダー(5種)
A5アクリルパネル(6種)
ステッカー(5種)
マルチデスクマット(6種)",https://x.com/AMNIBUS_STORE/status/2036276825450508516?s=20,"AMNIBUS ONLINE, アニメイト ONLINE, 渋谷モディ AMNIBUS STORE",2026年3月25日 2:52,311,119,火,2026年4月7日 → 2026年4月14日
物販：ステージ衣装atゲツオシ,物販,,"【予約販売】
「ガールズバンドクライ」
-ステージ衣装風- テーマの東映アニメーション描き下ろし商品が予約販売開始

【予約期間】
2026/3/27(金)12:00～4/17(金)12:00
※予約締切：4/17(金)正午まで

【発送】
2026年5月末予定

【特典】
ゲツオシマート公式ショップにて対象商品購入で
予約購入特典「ピック型チャーム」あり

【商品内容】
ピック型ネックレス(5種)
アクリルスタンド(5種)
【TD】チェキカード10種)
チェキホルダー
【TD】缶バッジ(10種)
A4クリアファイル(5種)",https://x.com/GetsoshiMart/status/2037363994139201709?s=20,オンライン,2026年3月28日 5:52,383,-144,金,2026年3月27日 → 2026年4月17日
物販：コラボギター,物販,,"限定コラボギター発売

・夏フェスライブ衣装ver.
148,000円

・爆ぜて咲くver.
138,000円",https://x.com/i_rightsLtd/status/2037396838182236370?s=20,オンライン,2026年3月28日 5:55,647,-120,土,2026年3月28日 → 2026年4月28日
ラジオ：第二十六回トゲラジ,ラジオ,,"・毎週火曜日 23:30～0:00

interfm 30thの公開収録(3/21)の第二部内容を含む放送予定",https://togeradi-interfm.bitfan.id/,オンライン,2026年3月30日 6:44,0,-25,火,2026年3月31日 23:30 (GMT+9) → 23:59
トークイベント：アニメイト,トークイベント,,"【10/24(土)開催】
『劇場版総集編 ガールズバンドクライ』
アニメイト トークイベント
会場：アニメイト池袋本店 北館9F
開演14:00

【出演】
理名さん / 夕莉さん / 朱李さん

【応募】
対象の前編/後編Blu-ray・DVDを
全国アニメイト(通販含む)で予約/購入すると応募シリアル配布
※アニメイト限定セットはシリアル2点

【期間】
3/31(火)～8/30(日)
当選通知：9/18(金)頃予定

【確認】
当選結果はクラブアニメイト内で案内",https://x.com/girlsbandcry/status/2038813533819806077?s=20,アニメイト渋谷,2026年4月1日 0:23,4943,4919,土,2026年10月24日